post_id,post_date,time,account,series,ref,media,channels,images,caption,caption_fb,caption_li
oh-2026-09-13-th01-fraser-en,2026-09-13,08:00,ramonhouses,Open House,1-20723 Fraser Hwy R3139875,image,ig,oh/20260913-open-house-th01-fraser-en.jpg,"OPEN HOUSE · Sunday, September 13 · 12:00 PM – 2:00 PM

1 - 20723 Fraser Highway, Langley
3 bedrooms · 2.5 bathrooms · townhome

• Corner end unit in a quiet corner of Rossbrin
• Over 1,500 sq ft
• Primary suite with walk-in closet and ensuite
• Side-by-side double garage
• Short walk to the future SkyTrain station

Come walk through it — no appointment needed. Questions before you visit? Send me a message.

MLS® R3139875
Ramon Gutierrez PREC · eXp Realty · ramonhouses.com

#LangleyOpenHouse #LangleyRealEstate #OpenHouse #LangleyTownhomes #FraserValleyRealEstate #ramonhouses","Open house this Sunday, September 13 — 12:00 PM – 2:00 PM

1 - 20723 Fraser Highway, Langley
3 bedrooms · 2.5 bathrooms · townhome

• Corner end unit in a quiet corner of Rossbrin
• Over 1,500 sq ft
• Primary suite with walk-in closet and ensuite
• Side-by-side double garage
• Short walk to the future SkyTrain station

Drop by, no appointment needed. If the time doesn't work, call or text 778-863-0019 and I'll arrange a private showing.

MLS® R3139875
Ramon Gutierrez PREC · eXp Realty · ramonhouses.com

#LangleyOpenHouse #LangleyRealEstate #OpenHouse","Open house: Sunday, September 13, 12:00 PM – 2:00 PM.

1 - 20723 Fraser Highway, Langley — 3 bedrooms · 2.5 bathrooms · townhome.

— Corner end unit in a quiet corner of Rossbrin
— Over 1,500 sq ft
— Primary suite with walk-in closet and ensuite
— Side-by-side double garage
— Short walk to the future SkyTrain station

If you are relocating, buying for family, or know someone looking in Langley, I am happy to walk them through it. Call or text 778-863-0019.

MLS® R3139875
Ramon Gutierrez PREC · eXp Realty · ramonhouses.com

#LangleyRealEstate #FraserValley"
oh-2026-09-13-th46-gabriola-en,2026-09-13,08:00,ramonhouses,Open House,46-20498 82 Ave R3143635,image,ig,oh/20260913-open-house-th46-gabriola-en.jpg,"OPEN HOUSE · Sunday, September 13 · 1:00 PM – 3:00 PM

46 - 20498 82 Avenue, Langley (Willoughby Heights)
4 bedrooms · 2.5 bathrooms · townhome

• Close to schools, parks, shopping, dining and transit

Come walk through it — no appointment needed. Questions before you visit? Send me a message.

MLS® R3143635
Ramon Gutierrez PREC · eXp Realty · ramonhouses.com

#LangleyOpenHouse #WilloughbyHeights #LangleyRealEstate #OpenHouse #LangleyTownhomes #FraserValleyRealEstate #ramonhouses","Open house this Sunday, September 13 — 1:00 PM – 3:00 PM

46 - 20498 82 Avenue, Langley (Willoughby Heights)
4 bedrooms · 2.5 bathrooms · townhome

• Close to schools, parks, shopping, dining and transit

Drop by, no appointment needed. If the time doesn't work, call or text 778-863-0019 and I'll arrange a private showing.

MLS® R3143635
Ramon Gutierrez PREC · eXp Realty · ramonhouses.com

#LangleyOpenHouse #LangleyRealEstate #OpenHouse","Open house: Sunday, September 13, 1:00 PM – 3:00 PM.

46 - 20498 82 Avenue, Langley (Willoughby Heights) — 4 bedrooms · 2.5 bathrooms · townhome.

— Close to schools, parks, shopping, dining and transit

If you are relocating, buying for family, or know someone looking in Langley, I am happy to walk them through it. Call or text 778-863-0019.

MLS® R3143635
Ramon Gutierrez PREC · eXp Realty · ramonhouses.com

#LangleyRealEstate #FraserValley"
