run_at_pacific,post_id,account,series,ref,media_id,status,detail
2026-09-06T21:23:47.867238-07:00,re-es-day-01,ig:ramonhouses,RE Single ES,Day 01,,error,"HTTP 400: {""error"":{""message"":""Only photo or video can be accepted as media type."",""type"":""OAuthException"",""code"":9004,""error_subcode"":2207052,""is_transient"":false,""error_user_title"":""Media download has failed. The media URI doesn't meet our requirements."",""error_user_msg"":""The media could not be fe"
2026-09-06T21:23:47.867238-07:00,re-en-day-02,ig:ramonhouses,RE Single EN,Day 02,,error,"HTTP 400: {""error"":{""message"":""Only photo or video can be accepted as media type."",""type"":""OAuthException"",""code"":9004,""error_subcode"":2207052,""is_transient"":false,""error_user_title"":""Media download has failed. The media URI doesn't meet our requirements."",""error_user_msg"":""The media could not be fe"
2026-09-06T21:27:53.773231-07:00,re-es-day-01,ig:ramonhouses,RE Single ES,Day 01,18169406260459516,ok,
2026-09-06T21:27:53.773231-07:00,re-en-day-02,ig:ramonhouses,RE Single EN,Day 02,18140405605608610,ok,
2026-09-06T21:30:50.664845-07:00,re-en-day-01,ig:ramonhouses,RE Single EN,Day 01,18112977172822164,ok,
2026-09-06T21:30:50.664845-07:00,re-es-day-02,ig:ramonhouses,RE Single ES,Day 02,18031245656665034,ok,
2026-09-06T21:31:58.291529-07:00,r2-day-003,ig:growthwealth,Round 2,Day 003,18108796031103577,ok,
2026-09-06T21:31:58.291529-07:00,r2b-day-003,ig:growthwealth,Round 2b,Day 003,18134622082649789,ok,
2026-09-07T17:24:30.147811-07:00,r2-day-008,ig:growthwealth,Round 2,Day 008,17914821702450136,ok,
2026-09-07T17:24:30.147811-07:00,r2-day-008,fb:543998318793132,Round 2,Day 008,,error,"HTTP 403: {""error"":{""message"":""(#200) The permission(s) pages_manage_posts are not available. It could because either they are deprecated or need to be approved by App Review."",""type"":""OAuthException"",""code"":200,""fbtrace_id"":""AjFwF-CrmDtdfoGNWn226Mq""}}"
2026-09-07T17:24:30.147811-07:00,re-en-day-02,fb:414239392030697,RE Single EN,Day 02,,error,"HTTP 403: {""error"":{""message"":""(#200) The permission(s) pages_manage_posts are not available. It could because either they are deprecated or need to be approved by App Review."",""type"":""OAuthException"",""code"":200,""fbtrace_id"":""AuyFLU0ccwTBdd0KN9r8o94""}}"
2026-09-07T17:24:30.147811-07:00,r2b-day-008,ig:growthwealth,Round 2b,Day 008,17973042036130919,ok,
2026-09-07T17:24:30.147811-07:00,r2b-day-008,fb:543998318793132,Round 2b,Day 008,,error,"HTTP 403: {""error"":{""message"":""(#200) The permission(s) pages_manage_posts are not available. It could because either they are deprecated or need to be approved by App Review."",""type"":""OAuthException"",""code"":200,""fbtrace_id"":""ATQiiZ4TYRw5oOZAjNo0w4L""}}"
2026-09-08T02:33:10.041518-07:00,r2-day-009,ig:growthwealth,Round 2,Day 009,18110266364105132,ok,
2026-09-08T11:32:00.300867-07:00,car-en-w02a,ig:ramonhouses,Carousel EN,w02a,18086138186418746,ok,
2026-09-08T14:46:54.347179-07:00,r2b-day-009,ig:growthwealth,Round 2b,Day 009,17905643748520473,ok,
2026-09-09T02:36:04.522042-07:00,r2-day-010,ig:growthwealth,Round 2,Day 010,18122867854879528,ok,
2026-09-09T11:29:56.266257-07:00,car-es-w02a,ig:ramonhouses,Carousel ES,w02a,17895143469671086,ok,
2026-09-09T14:38:33.013508-07:00,r2b-day-010,ig:growthwealth,Round 2b,Day 010,18023803196702435,ok,
2026-09-10T02:35:39.381491-07:00,r2-day-011,ig:growthwealth,Round 2,Day 011,17876567514629951,ok,
2026-09-10T14:34:21.866576-07:00,r2b-day-011,ig:growthwealth,Round 2b,Day 011,18091161365159998,ok,
2026-09-11T02:32:46.860050-07:00,r2-day-012,ig:growthwealth,Round 2,Day 012,18483501802105528,ok,
2026-09-11T11:23:24.930845-07:00,reel-en-w02a,ig:ramonhouses,Reel EN,w02a,18088066892354206,ok,
2026-09-11T14:40:22.220299-07:00,r2b-day-012,ig:growthwealth,Round 2b,Day 012,18085512521285947,ok,
2026-09-12T03:37:03.534385-07:00,r2-day-013,ig:growthwealth,Round 2,Day 013,18094063331537289,ok,
2026-09-12T12:10:43.824343-07:00,re-en-day-03,ig:ramonhouses,RE Single EN,Day 03,18007555439968607,ok,
2026-09-12T15:11:13.420677-07:00,r2b-day-013,ig:growthwealth,Round 2b,Day 013,17955859665014130,ok,
2026-09-13T04:40:23.004574-07:00,r2-day-014,ig:growthwealth,Round 2,Day 014,17905756089475013,ok,
2026-09-13T08:08:10.502947-07:00,oh-2026-09-13-th01-fraser-en,ig:ramonhouses,Open House,1-20723 Fraser Hwy R3139875,18126964942696918,ok,
2026-09-13T08:08:10.502947-07:00,oh-2026-09-13-th46-gabriola-en,ig:ramonhouses,Open House,46-20498 82 Ave R3143635,17979288933083117,ok,
2026-09-13T08:19:56.225186-07:00,oh-2026-09-13-th01-fraser-reel-en,ig:ramonhouses,Open House Reel,1-20723 Fraser Hwy R3139875,18619450924031157,ok,
2026-09-13T08:19:56.225186-07:00,oh-2026-09-13-th46-gabriola-reel-en,ig:ramonhouses,Open House Reel,46-20498 82 Ave R3143635,17909534391523700,ok,
2026-09-13T08:49:09.515927-07:00,rq-01-en,ig:ramonhouses,RE Quote EN,Card 01,18626529136040263,ok,
2026-09-13T08:49:09.515927-07:00,rq-01-es,ig:ramonhouses,RE Quote ES,Card 01,18433459879182464,ok,
2026-09-13T12:20:33.114810-07:00,re-es-day-03,ig:ramonhouses,RE Single ES,Day 03,18000103902006904,ok,
2026-09-13T15:20:39.121465-07:00,r2b-day-014,ig:growthwealth,Round 2b,Day 014,18010342568761509,ok,
2026-09-13T20:40:06.731840-07:00,re-en-day-03,fb:414239392030697,RE Single EN,Day 03,414239392030697_122227547564048227,ok,
2026-09-13T20:40:06.731840-07:00,r2-day-014,fb:543998318793132,Round 2,Day 014,543998318793132_122179812362716289,ok,
2026-09-13T21:26:10.218158-07:00,re-en-day-03,li:person,RE Single EN,Day 03,,error,"HTTP 426: {""status"":426,""code"":""NONEXISTENT_VERSION"",""message"":""Requested version 20240901 is not active""}"
2026-09-13T21:28:31.858451-07:00,re-en-day-03,li:person,RE Single EN,Day 03,urn:li:share:7505120280806080512,ok,
2026-09-13T23:05:24.002787-07:00,re-es-day-03,fb:414239392030697,RE Single ES,Day 03,414239392030697_122227554476048227,ok,
2026-09-13T23:05:24.002787-07:00,r2b-day-014,fb:543998318793132,Round 2b,Day 014,543998318793132_122179820870716289,ok,
2026-09-14T06:53:46.030597-07:00,r2-day-015,ig:growthwealth,Round 2,Day 015,18069425804743122,ok,
2026-09-14T06:53:46.030597-07:00,r2-day-015,fb:543998318793132,Round 2,Day 015,543998318793132_122179849748716289,ok,
2026-09-14T12:15:37.473960-07:00,re-en-day-04,ig:ramonhouses,RE Single EN,Day 04,17905767498326903,ok,
2026-09-14T12:15:37.473960-07:00,re-en-day-04,fb:414239392030697,RE Single EN,Day 04,414239392030697_122227612346048227,ok,
2026-09-14T12:15:37.473960-07:00,rq-02-en,ig:ramonhouses,RE Quote EN,Card 02,17908447920537658,ok,
2026-09-14T12:15:37.473960-07:00,rq-02-en,fb:414239392030697,RE Quote EN,Card 02,414239392030697_122227612436048227,ok,
2026-09-14T16:04:39.896752-07:00,r2b-day-015,ig:growthwealth,Round 2b,Day 015,18091930319652039,ok,
2026-09-14T16:04:39.896752-07:00,r2b-day-015,fb:543998318793132,Round 2b,Day 015,543998318793132_122179888922716289,ok,
2026-09-15T06:26:38.682412-07:00,r2-day-016,ig:growthwealth,Round 2,Day 016,18421030606144877,ok,
2026-09-15T06:26:38.682412-07:00,r2-day-016,fb:543998318793132,Round 2,Day 016,543998318793132_122179941296716289,ok,
2026-09-15T09:00:48.236667-07:00,bs-05-p1-es,ig:ramonhouses,Blog Series ES,Blog 05 Part 1,18138575497660986,ok,
2026-09-15T09:00:48.236667-07:00,bs-05-p1-es,fb:414239392030697,Blog Series ES,Blog 05 Part 1,414239392030697_122227734308048227,ok,
2026-09-15T11:06:25.863900-07:00,car-en-w03a,ig:ramonhouses,Carousel EN,w03a,,error,"HTTP 400: {""error"":{""message"":""Only photo or video can be accepted as media type."",""type"":""OAuthException"",""code"":9004,""error_subcode"":2207052,""is_transient"":false,""error_user_title"":""Media download has failed. The media URI doesn't meet our requirements."",""error_user_msg"":""The media could not be fe"
2026-09-15T11:06:25.863900-07:00,car-en-w03a,fb:414239392030697,Carousel EN,w03a,414239392030697_122227746686048227,ok,
2026-09-15T11:06:25.863900-07:00,car-en-w03a,li:person,Carousel EN,w03a,urn:li:ugcPost:7505688663595372544,ok,
2026-09-15T14:06:21.560505-07:00,car-en-w03a,ig:ramonhouses,Carousel EN,w03a,18133625329646806,ok,
2026-09-15T14:06:21.560505-07:00,r2b-day-016,ig:growthwealth,Round 2b,Day 016,18076370948709202,ok,
2026-09-15T14:06:21.560505-07:00,r2b-day-016,fb:543998318793132,Round 2b,Day 016,543998318793132_122179966358716289,ok,
2026-09-15T14:06:21.560505-07:00,bs-05-p1-en,ig:ramonhouses,Blog Series EN,Blog 05 Part 1,18114760375822458,ok,
2026-09-15T14:06:21.560505-07:00,bs-05-p1-en,fb:414239392030697,Blog Series EN,Blog 05 Part 1,414239392030697_122227756766048227,ok,
2026-09-15T14:06:21.560505-07:00,bs-05-p1-en,li:person,Blog Series EN,Blog 05 Part 1,urn:li:share:7505734147991138304,ok,
2026-09-16T06:25:56.838293-07:00,r2-day-017,ig:growthwealth,Round 2,Day 017,17957215767238781,ok,
2026-09-16T06:25:56.838293-07:00,r2-day-017,fb:543998318793132,Round 2,Day 017,543998318793132_122180025986716289,ok,
2026-09-16T11:08:13.080130-07:00,car-es-w03a,ig:ramonhouses,Carousel ES,w03a,18151212793543669,ok,
2026-09-16T11:08:13.080130-07:00,car-es-w03a,fb:414239392030697,Carousel ES,w03a,414239392030697_122227819022048227,ok,
2026-09-16T15:03:36.246714-07:00,r2b-day-017,ig:growthwealth,Round 2b,Day 017,17948170827056301,ok,
2026-09-16T15:03:36.246714-07:00,r2b-day-017,fb:543998318793132,Round 2b,Day 017,543998318793132_122180054906716289,ok,
2026-09-16T15:03:36.246714-07:00,rq-03-es,ig:ramonhouses,RE Quote ES,Card 03,18133299202730564,ok,
2026-09-16T15:03:36.246714-07:00,rq-03-es,fb:414239392030697,RE Quote ES,Card 03,414239392030697_122227833512048227,ok,
2026-09-17T04:32:23.060460-07:00,r2-day-018,ig:growthwealth,Round 2,Day 018,18098815001561152,ok,
2026-09-17T04:32:23.060460-07:00,r2-day-018,fb:543998318793132,Round 2,Day 018,543998318793132_122180100164716289,ok,
2026-09-17T09:50:42.019535-07:00,bs-05-p2-es,ig:ramonhouses,Blog Series ES,Blog 05 Part 2,18128797906702516,ok,
2026-09-17T09:50:42.019535-07:00,bs-05-p2-es,fb:414239392030697,Blog Series ES,Blog 05 Part 2,414239392030697_122227907432048227,ok,
2026-09-17T13:11:50.025609-07:00,re-es-day-04,ig:ramonhouses,RE Single ES,Day 04,18335101783277342,ok,
2026-09-17T13:11:50.025609-07:00,re-es-day-04,fb:414239392030697,RE Single ES,Day 04,414239392030697_122227919618048227,ok,
2026-09-17T13:11:50.025609-07:00,bs-05-p2-es,li:person,Blog Series ES,Blog 05 Part 2,urn:li:share:7506444908593975296,ok,
2026-09-17T14:39:29.453869-07:00,oh-2026-09-19-461-carlsen-en,ig:ramonhouses,Open House,461 Carlsen Pl R3149832,,error,"HTTP 400: {""error"":{""message"":""Only photo or video can be accepted as media type."",""type"":""OAuthException"",""code"":9004,""error_subcode"":2207052,""is_transient"":false,""error_user_title"":""Media download has failed. The media URI doesn't meet our requirements."",""error_user_msg"":""The media could not be fe"
2026-09-17T14:39:29.453869-07:00,oh-2026-09-19-461-carlsen-en,fb:414239392030697,Open House,461 Carlsen Pl R3149832,,error,"HTTP 400: {""error"":{""message"":""Missing or invalid image file"",""type"":""OAuthException"",""code"":324,""error_subcode"":2069019,""is_transient"":true,""error_user_title"":""Image Required"",""error_user_msg"":""Make sure your Page post includes an image that can be used in an ad."",""fbtrace_id"":""Ani1SExRlqVFBTMl9NCh"
2026-09-17T14:39:29.453869-07:00,oh-2026-09-19-461-carlsen-en,li:person,Open House,461 Carlsen Pl R3149832,,error,HTTP Error 404: Not Found
2026-09-17T14:39:29.453869-07:00,oh-2026-09-19-461-carlsen-es,ig:ramonhouses,Open House,461 Carlsen Pl R3149832,,error,"HTTP 400: {""error"":{""message"":""Only photo or video can be accepted as media type."",""type"":""OAuthException"",""code"":9004,""error_subcode"":2207052,""is_transient"":false,""error_user_title"":""Media download has failed. The media URI doesn't meet our requirements."",""error_user_msg"":""The media could not be fe"
2026-09-17T14:39:29.453869-07:00,oh-2026-09-19-461-carlsen-es,fb:414239392030697,Open House,461 Carlsen Pl R3149832,,error,"HTTP 400: {""error"":{""message"":""Missing or invalid image file"",""type"":""OAuthException"",""code"":324,""error_subcode"":2069019,""is_transient"":true,""error_user_title"":""Image Required"",""error_user_msg"":""Make sure your Page post includes an image that can be used in an ad."",""fbtrace_id"":""Agx5GFZXkuRoKGsRpcNS"
2026-09-17T14:39:29.453869-07:00,oh-2026-09-19-461-carlsen-es,li:person,Open House,461 Carlsen Pl R3149832,,error,HTTP Error 404: Not Found
2026-09-17T14:39:29.453869-07:00,oh-2026-09-20-th01-fraser-en,ig:ramonhouses,Open House,1-20723 Fraser Hwy R3139875,,error,"HTTP 400: {""error"":{""message"":""Only photo or video can be accepted as media type."",""type"":""OAuthException"",""code"":9004,""error_subcode"":2207052,""is_transient"":false,""error_user_title"":""Media download has failed. The media URI doesn't meet our requirements."",""error_user_msg"":""The media could not be fe"
2026-09-17T14:39:29.453869-07:00,oh-2026-09-20-th01-fraser-en,fb:414239392030697,Open House,1-20723 Fraser Hwy R3139875,,error,"HTTP 400: {""error"":{""message"":""Missing or invalid image file"",""type"":""OAuthException"",""code"":324,""error_subcode"":2069019,""is_transient"":true,""error_user_title"":""Image Required"",""error_user_msg"":""Make sure your Page post includes an image that can be used in an ad."",""fbtrace_id"":""Aax28rd3Uu0xlLyqw9je"
2026-09-17T14:39:29.453869-07:00,oh-2026-09-20-th01-fraser-en,li:person,Open House,1-20723 Fraser Hwy R3139875,,error,HTTP Error 404: Not Found
2026-09-17T14:39:29.453869-07:00,oh-2026-09-20-th01-fraser-es,ig:ramonhouses,Open House,1-20723 Fraser Hwy R3139875,,error,"HTTP 400: {""error"":{""message"":""Only photo or video can be accepted as media type."",""type"":""OAuthException"",""code"":9004,""error_subcode"":2207052,""is_transient"":false,""error_user_title"":""Media download has failed. The media URI doesn't meet our requirements."",""error_user_msg"":""The media could not be fe"
2026-09-17T14:39:29.453869-07:00,oh-2026-09-20-th01-fraser-es,fb:414239392030697,Open House,1-20723 Fraser Hwy R3139875,,error,"HTTP 400: {""error"":{""message"":""Missing or invalid image file"",""type"":""OAuthException"",""code"":324,""error_subcode"":2069019,""is_transient"":true,""error_user_title"":""Image Required"",""error_user_msg"":""Make sure your Page post includes an image that can be used in an ad."",""fbtrace_id"":""A4r0xvMwu9w42Eum4BZL"
2026-09-17T14:39:29.453869-07:00,oh-2026-09-20-th01-fraser-es,li:person,Open House,1-20723 Fraser Hwy R3139875,,error,HTTP Error 404: Not Found
2026-09-17T14:44:50.317709-07:00,oh-2026-09-19-461-carlsen-en,ig:ramonhouses,Open House,461 Carlsen Pl R3149832,17984237133097657,ok,
2026-09-17T14:44:50.317709-07:00,oh-2026-09-19-461-carlsen-en,fb:414239392030697,Open House,461 Carlsen Pl R3149832,414239392030697_122227923716048227,ok,
2026-09-17T14:44:50.317709-07:00,oh-2026-09-19-461-carlsen-en,li:person,Open House,461 Carlsen Pl R3149832,urn:li:share:7506468320729178112,ok,
2026-09-17T14:44:50.317709-07:00,oh-2026-09-19-461-carlsen-es,ig:ramonhouses,Open House,461 Carlsen Pl R3149832,17991843227847071,ok,
2026-09-17T14:44:50.317709-07:00,oh-2026-09-19-461-carlsen-es,fb:414239392030697,Open House,461 Carlsen Pl R3149832,414239392030697_122227923800048227,ok,
2026-09-17T14:44:50.317709-07:00,oh-2026-09-19-461-carlsen-es,li:person,Open House,461 Carlsen Pl R3149832,urn:li:share:7506468394620178433,ok,
2026-09-17T14:44:50.317709-07:00,oh-2026-09-20-th01-fraser-en,ig:ramonhouses,Open House,1-20723 Fraser Hwy R3139875,,error,"HTTP 400: {""error"":{""message"":""Only photo or video can be accepted as media type."",""type"":""OAuthException"",""code"":9004,""error_subcode"":2207052,""is_transient"":false,""error_user_title"":""Media download has failed. The media URI doesn't meet our requirements."",""error_user_msg"":""The media could not be fe"
2026-09-17T14:44:50.317709-07:00,oh-2026-09-20-th01-fraser-en,fb:414239392030697,Open House,1-20723 Fraser Hwy R3139875,414239392030697_122227923896048227,ok,
2026-09-17T14:44:50.317709-07:00,oh-2026-09-20-th01-fraser-en,li:person,Open House,1-20723 Fraser Hwy R3139875,urn:li:share:7506468416916963328,ok,
2026-09-17T14:44:50.317709-07:00,oh-2026-09-20-th01-fraser-es,ig:ramonhouses,Open House,1-20723 Fraser Hwy R3139875,17898959082672507,ok,
2026-09-17T14:44:50.317709-07:00,oh-2026-09-20-th01-fraser-es,fb:414239392030697,Open House,1-20723 Fraser Hwy R3139875,414239392030697_122227924016048227,ok,
2026-09-17T14:44:50.317709-07:00,oh-2026-09-20-th01-fraser-es,li:person,Open House,1-20723 Fraser Hwy R3139875,urn:li:share:7506468491697438720,ok,
2026-09-17T14:47:03.324712-07:00,oh-2026-09-20-th01-fraser-en,ig:ramonhouses,Open House,1-20723 Fraser Hwy R3139875,,error,"HTTP 400: {""error"":{""message"":""Only photo or video can be accepted as media type."",""type"":""OAuthException"",""code"":9004,""error_subcode"":2207052,""is_transient"":false,""error_user_title"":""Media download has failed. The media URI doesn't meet our requirements."",""error_user_msg"":""The media could not be fe"
2026-09-17T14:51:31.782897-07:00,oh-2026-09-20-th01-fraser-en,ig:ramonhouses,Open House,1-20723 Fraser Hwy R3139875,18063733601685284,ok,
2026-09-17T16:30:16.171721-07:00,r2b-day-018,ig:growthwealth,Round 2b,Day 018,18000212225795755,ok,
2026-09-17T16:30:16.171721-07:00,r2b-day-018,fb:543998318793132,Round 2b,Day 018,543998318793132_122180153546716289,ok,
2026-09-17T16:30:16.171721-07:00,bs-05-p2-en,ig:ramonhouses,Blog Series EN,Blog 05 Part 2,18103875016967128,ok,
2026-09-17T16:30:16.171721-07:00,bs-05-p2-en,fb:414239392030697,Blog Series EN,Blog 05 Part 2,414239392030697_122227929956048227,ok,
2026-09-17T16:30:16.171721-07:00,bs-05-p2-en,li:person,Blog Series EN,Blog 05 Part 2,urn:li:share:7506494881897312256,ok,
2026-09-17T22:04:00.863012-07:00,sold-2026-09-17-th05-old-yale-en,ig:ramonhouses,Just Sold,5-35287 Old Yale Rd R3131460,18220217044339525,ok,
2026-09-17T22:04:00.863012-07:00,sold-2026-09-17-th05-old-yale-en,fb:414239392030697,Just Sold,5-35287 Old Yale Rd R3131460,414239392030697_122227948190048227,ok,
2026-09-17T22:04:00.863012-07:00,sold-2026-09-17-th05-old-yale-en,li:person,Just Sold,5-35287 Old Yale Rd R3131460,urn:li:share:7506578829914861568,ok,
2026-09-17T22:04:00.863012-07:00,sold-2026-09-17-th05-old-yale-es,ig:ramonhouses,Just Sold,5-35287 Old Yale Rd R3131460,18029201906855009,ok,
2026-09-17T22:04:00.863012-07:00,sold-2026-09-17-th05-old-yale-es,fb:414239392030697,Just Sold,5-35287 Old Yale Rd R3131460,414239392030697_122227948304048227,ok,
2026-09-17T22:04:00.863012-07:00,sold-2026-09-17-th05-old-yale-es,li:person,Just Sold,5-35287 Old Yale Rd R3131460,urn:li:share:7506578904170672129,ok,
2026-09-18T01:10:31.104858-07:00,sold-2026-09-18-th05-old-yale-en,ig:ramonhouses,Just Sold,5-35287 Old Yale Rd R3131460,18631564885037266,ok,
2026-09-18T01:10:31.104858-07:00,sold-2026-09-18-th05-old-yale-en,fb:414239392030697,Just Sold,5-35287 Old Yale Rd R3131460,414239392030697_122227958228048227,ok,
2026-09-18T01:10:31.104858-07:00,sold-2026-09-18-th05-old-yale-en,li:person,Just Sold,5-35287 Old Yale Rd R3131460,urn:li:share:7506625753950892032,ok,
2026-09-18T01:10:31.104858-07:00,sold-2026-09-18-th05-old-yale-es,ig:ramonhouses,Just Sold,5-35287 Old Yale Rd R3131460,18126292903840427,ok,
2026-09-18T01:10:31.104858-07:00,sold-2026-09-18-th05-old-yale-es,fb:414239392030697,Just Sold,5-35287 Old Yale Rd R3131460,414239392030697_122227958348048227,ok,
2026-09-18T01:10:31.104858-07:00,sold-2026-09-18-th05-old-yale-es,li:person,Just Sold,5-35287 Old Yale Rd R3131460,urn:li:share:7506625832103370752,ok,
2026-09-18T01:10:31.104858-07:00,reduced-2026-09-18-th01-fraser-en,ig:ramonhouses,Price Reduced,1-20723 Fraser Hwy R3139875,18094695170390640,ok,
2026-09-18T01:10:31.104858-07:00,reduced-2026-09-18-th01-fraser-en,fb:414239392030697,Price Reduced,1-20723 Fraser Hwy R3139875,414239392030697_122227958528048227,ok,
2026-09-18T01:10:31.104858-07:00,reduced-2026-09-18-th01-fraser-en,li:person,Price Reduced,1-20723 Fraser Hwy R3139875,urn:li:share:7506625906526928898,ok,
2026-09-18T01:10:31.104858-07:00,reduced-2026-09-18-th01-fraser-es,ig:ramonhouses,Price Reduced,1-20723 Fraser Hwy R3139875,18097751276644986,ok,
2026-09-18T01:10:31.104858-07:00,reduced-2026-09-18-th01-fraser-es,fb:414239392030697,Price Reduced,1-20723 Fraser Hwy R3139875,414239392030697_122227958672048227,ok,
2026-09-18T01:10:31.104858-07:00,reduced-2026-09-18-th01-fraser-es,li:person,Price Reduced,1-20723 Fraser Hwy R3139875,urn:li:share:7506625984771715072,ok,
2026-09-18T01:10:31.104858-07:00,listed-2026-09-18-418-montrose-en,ig:ramonhouses,New Listing,418-2493 Montrose Ave R3164794,18109796996269885,ok,
2026-09-18T01:10:31.104858-07:00,listed-2026-09-18-418-montrose-en,fb:414239392030697,New Listing,418-2493 Montrose Ave R3164794,414239392030697_122227958840048227,ok,
2026-09-18T01:10:31.104858-07:00,listed-2026-09-18-418-montrose-en,li:person,New Listing,418-2493 Montrose Ave R3164794,urn:li:share:7506626063523860480,ok,
2026-09-18T01:10:31.104858-07:00,listed-2026-09-18-418-montrose-es,ig:ramonhouses,New Listing,418-2493 Montrose Ave R3164794,17875409658565689,ok,
2026-09-18T01:10:31.104858-07:00,listed-2026-09-18-418-montrose-es,fb:414239392030697,New Listing,418-2493 Montrose Ave R3164794,414239392030697_122227958960048227,ok,
2026-09-18T01:10:31.104858-07:00,listed-2026-09-18-418-montrose-es,li:person,New Listing,418-2493 Montrose Ave R3164794,urn:li:share:7506626139696832512,ok,
2026-09-18T01:10:31.104858-07:00,reduced-2026-09-18-809-hornby-en,ig:ramonhouses,Price Reduced,809-1133 Hornby St R3159852,18088202399690161,ok,
2026-09-18T01:10:31.104858-07:00,reduced-2026-09-18-809-hornby-en,fb:414239392030697,Price Reduced,809-1133 Hornby St R3159852,414239392030697_122227959104048227,ok,
2026-09-18T01:10:31.104858-07:00,reduced-2026-09-18-809-hornby-en,li:person,Price Reduced,809-1133 Hornby St R3159852,urn:li:share:7506626227324174336,ok,
2026-09-18T01:10:31.104858-07:00,reduced-2026-09-18-809-hornby-es,ig:ramonhouses,Price Reduced,809-1133 Hornby St R3159852,18068815718760539,ok,
2026-09-18T01:10:31.104858-07:00,reduced-2026-09-18-809-hornby-es,fb:414239392030697,Price Reduced,809-1133 Hornby St R3159852,414239392030697_122227959236048227,ok,
2026-09-18T01:10:31.104858-07:00,reduced-2026-09-18-809-hornby-es,li:person,Price Reduced,809-1133 Hornby St R3159852,urn:li:share:7506626279169839104,ok,
2026-09-18T02:36:45.319681-07:00,r2-day-019,ig:growthwealth,Round 2,Day 019,18100542614296743,ok,
2026-09-18T02:36:45.319681-07:00,r2-day-019,fb:543998318793132,Round 2,Day 019,543998318793132_122180213030716289,ok,
2026-09-18T11:19:07.812678-07:00,reel-en-w03a,ig:ramonhouses,Reel EN,w03a,18203769781372101,ok,
2026-09-18T11:19:07.812678-07:00,reel-en-w03a,fb:414239392030697,Reel EN,w03a,1868621924503021,ok,
2026-09-18T14:11:34.801408-07:00,r2b-day-019,ig:growthwealth,Round 2b,Day 019,18100868453460975,ok,
2026-09-18T14:11:34.801408-07:00,r2b-day-019,fb:543998318793132,Round 2b,Day 019,543998318793132_122180262716716289,ok,
2026-09-18T14:11:34.801408-07:00,rq-04-en,ig:ramonhouses,RE Quote EN,Card 04,17996363475008905,ok,
2026-09-18T14:11:34.801408-07:00,rq-04-en,fb:414239392030697,RE Quote EN,Card 04,414239392030697_122228005412048227,ok,
2026-09-18T14:11:34.801408-07:00,rq-04-en,li:person,RE Quote EN,Card 04,urn:li:share:7506822407794507776,ok,
2026-09-18T17:10:29.547944-07:00,reel-en-w03a,yt,Reel EN,w03a,eX9TKO5hCsg,ok,
2026-09-18T21:54:15.250831-07:00,car-es-w03a,ig:ramonhouses,Carousel ES,w03a,17956015011238380,ok,
2026-09-18T21:54:15.250831-07:00,car-es-w03a,fb:414239392030697,Carousel ES,w03a,414239392030697_122228037044048227,ok,
2026-09-18T21:57:04.822307-07:00,car-es-w03a,ig:ramonhouses,Carousel ES,w03a,18085329377300339,ok,
2026-09-18T21:57:04.822307-07:00,car-es-w03a,fb:414239392030697,Carousel ES,w03a,414239392030697_122228037932048227,ok,
2026-09-18T22:02:24.397899-07:00,car-es-w03a,ig:ramonhouses,Carousel ES,w03a,18284315569290957,ok,
2026-09-18T22:02:24.397899-07:00,car-es-w03a,fb:414239392030697,Carousel ES,w03a,414239392030697_122228038916048227,ok,
2026-09-18T22:02:24.397899-07:00,car-es-w03a,threads,Carousel ES,w03a,,error,"HTTP 400: {""error"":{""message"":""Unsupported post request. Object with ID '17841405720640790' does not exist, cannot be loaded due to missing permissions, or does not support this operation. Please read the Graph API documentation at https:\/\/developers.facebook.com\/docs\/graph-api"",""type"":""GraphMet"
2026-09-18T22:05:49.249483-07:00,test-carousel-multi,ig:ramonhouses,Test Carousel,tc1,18355739755301393,ok,
2026-09-18T22:05:49.249483-07:00,test-carousel-multi,fb:414239392030697,Test Carousel,tc1,414239392030697_122228039624048227,ok,
2026-09-18T22:05:49.249483-07:00,test-carousel-multi,threads,Test Carousel,tc1,,error,"HTTP 400: {""error"":{""message"":""Unsupported post request. Object with ID '17841405720640790' does not exist, cannot be loaded due to missing permissions, or does not support this operation. Please read the Graph API documentation at https:\/\/developers.facebook.com\/docs\/graph-api"",""type"":""GraphMet"
2026-09-18T22:05:49.249483-07:00,test-reel-video,ig:ramonhouses,Test Reel,tr1,,error,container 18457077862190689 reported ERROR
2026-09-18T22:05:49.249483-07:00,test-reel-video,fb:414239392030697,Test Reel,tr1,,error,"HTTP 400: {""error"":{""message"":""Unable to fetch video file from URL."",""type"":""OAuthException"",""code"":389,""error_subcode"":1363057,""is_transient"":false,""error_user_title"":""Unable to fetch video file from URL"",""error_user_msg"":""Unable to fetch video file from URL."",""fbtrace_id"":""AFT_DaVdlo9YmXf3NUGLBcG"""
2026-09-18T22:05:49.249483-07:00,test-reel-video,yt,Test Reel,tr1,,error,HTTP Error 404: Not Found
2026-09-18T22:12:18.435534-07:00,test-reel-video,ig:ramonhouses,Test Reel,tr1,18114824489068956,ok,
2026-09-18T22:12:18.435534-07:00,test-reel-video,fb:414239392030697,Test Reel,tr1,3177387445794059,ok,
2026-09-18T22:12:18.435534-07:00,test-reel-video,yt,Test Reel,tr1,IIgBZ6CuPdM,ok,
2026-09-18T22:43:45.715550-07:00,test-carousel-multi,ig:ramonhouses,Test Carousel,tc1,17952349290035427,ok,
2026-09-18T22:43:45.715550-07:00,test-carousel-multi,fb:414239392030697,Test Carousel,tc1,414239392030697_122228042966048227,ok,
2026-09-18T22:43:45.715550-07:00,test-carousel-multi,threads,Test Carousel,tc1,,error,"HTTP 400: {""error"":{""message"":""Unsupported post request. Object with ID '17841405720640790' does not exist, cannot be loaded due to missing permissions, or does not support this operation. Please read the Graph API documentation at https:\/\/developers.facebook.com\/docs\/graph-api"",""type"":""GraphMet"
2026-09-19T03:48:37.154220-07:00,r2-day-020,ig:growthwealth,Round 2,Day 020,17966433317966070,ok,
2026-09-19T03:48:37.154220-07:00,r2-day-020,fb:543998318793132,Round 2,Day 020,543998318793132_122180328266716289,ok,
2026-09-19T10:02:53.831130-07:00,test-threads-2026-09-19,threads,Test,test,18114400048803359,ok,
2026-09-19T10:56:23.069689-07:00,r2-day-020,fb:543998318793132,Round 2,Day 020,,error,"page lookup failed: HTTP 400: {""error"":{""message"":""Error validating access token: Session has expired on Saturday, 19-Sep-26 10:00:00 PDT. The current time is Saturday, 19-Sep-26 10:56:23 PDT."",""type"":""OAuthException"",""c"
2026-09-19T10:56:23.069689-07:00,re-en-day-05,ig:ramonhouses,RE Single EN,Day 05,,error,"HTTP 400: {""error"":{""message"":""Error validating access token: Session has expired on Saturday, 19-Sep-26 10:00:00 PDT. The current time is Saturday, 19-Sep-26 10:56:23 PDT."",""type"":""OAuthException"",""code"":190,""error_subcode"":463,""fbtrace_id"":""AS7JvBa7V6QD878ZjPKtRxi""}}"
2026-09-19T10:56:23.069689-07:00,re-en-day-05,li:person,RE Single EN,Day 05,urn:li:share:7507135523908403200,ok,
2026-09-19T10:56:23.069689-07:00,re-en-day-05,threads,RE Single EN,Day 05,18353085895174304,ok,
2026-09-19T10:56:23.069689-07:00,bs-05-p3-es,ig:ramonhouses,Blog Series ES,Blog 05 Part 3,,error,"HTTP 400: {""error"":{""message"":""Error validating access token: Session has expired on Saturday, 19-Sep-26 10:00:00 PDT. The current time is Saturday, 19-Sep-26 10:56:40 PDT."",""type"":""OAuthException"",""code"":190,""error_subcode"":463,""fbtrace_id"":""ASqfrI9_gfL7A_IvO5qEU3s""}}"
2026-09-19T10:56:23.069689-07:00,bs-05-p3-es,li:person,Blog Series ES,Blog 05 Part 3,urn:li:share:7507135595077353473,ok,
2026-09-19T10:56:23.069689-07:00,bs-05-p3-es,threads,Blog Series ES,Blog 05 Part 3,18111853295153891,ok,
2026-09-19T13:31:23.041370-07:00,r2-day-020,fb:543998318793132,Round 2,Day 020,,error,"page lookup failed: HTTP 400: {""error"":{""message"":""Error validating access token: Session has expired on Saturday, 19-Sep-26 10:00:00 PDT. The current time is Saturday, 19-Sep-26 13:31:23 PDT."",""type"":""OAuthException"",""c"
2026-09-19T13:31:23.041370-07:00,bs-05-p3-es,ig:ramonhouses,Blog Series ES,Blog 05 Part 3,,error,"HTTP 400: {""error"":{""message"":""Error validating access token: Session has expired on Saturday, 19-Sep-26 10:00:00 PDT. The current time is Saturday, 19-Sep-26 13:31:23 PDT."",""type"":""OAuthException"",""code"":190,""error_subcode"":463,""fbtrace_id"":""Au4AFlsDB03nWfz1H1Yk4zl""}}"
2026-09-19T13:31:23.041370-07:00,re-en-day-05,ig:ramonhouses,RE Single EN,Day 05,,error,"HTTP 400: {""error"":{""message"":""Error validating access token: Session has expired on Saturday, 19-Sep-26 10:00:00 PDT. The current time is Saturday, 19-Sep-26 13:31:23 PDT."",""type"":""OAuthException"",""code"":190,""error_subcode"":463,""fbtrace_id"":""AIn5JYTKz8MLKYN0JGchfVP""}}"
2026-09-19T13:31:23.041370-07:00,reel-es-w03a,ig:ramonhouses,Reel ES,w03a,,error,"HTTP 400: {""error"":{""message"":""Error validating access token: Session has expired on Saturday, 19-Sep-26 10:00:00 PDT. The current time is Saturday, 19-Sep-26 13:31:23 PDT."",""type"":""OAuthException"",""code"":190,""error_subcode"":463,""fbtrace_id"":""AupsUNzMN1eqs0K17uo1YVL""}}"
2026-09-19T13:31:23.041370-07:00,reel-es-w03a,threads,Reel ES,w03a,18409273435083990,ok,
2026-09-19T13:31:23.041370-07:00,reel-es-w03a,yt,Reel ES,w03a,kUywKnpYIhg,ok,
2026-09-19T15:53:57.506951-07:00,r2-day-020,fb:543998318793132,Round 2,Day 020,,error,"page lookup failed: HTTP 400: {""error"":{""message"":""Error validating access token: Session has expired on Saturday, 19-Sep-26 10:00:00 PDT. The current time is Saturday, 19-Sep-26 15:53:57 PDT."",""type"":""OAuthException"",""c"
2026-09-19T15:53:57.506951-07:00,bs-05-p3-es,ig:ramonhouses,Blog Series ES,Blog 05 Part 3,,error,"HTTP 400: {""error"":{""message"":""Error validating access token: Session has expired on Saturday, 19-Sep-26 10:00:00 PDT. The current time is Saturday, 19-Sep-26 15:53:57 PDT."",""type"":""OAuthException"",""code"":190,""error_subcode"":463,""fbtrace_id"":""AeiFqG1o1PfNsHsBO1S5KmY""}}"
2026-09-19T15:53:57.506951-07:00,re-en-day-05,ig:ramonhouses,RE Single EN,Day 05,,error,"HTTP 400: {""error"":{""message"":""Error validating access token: Session has expired on Saturday, 19-Sep-26 10:00:00 PDT. The current time is Saturday, 19-Sep-26 15:53:57 PDT."",""type"":""OAuthException"",""code"":190,""error_subcode"":463,""fbtrace_id"":""AJf3QTuzJE0IQZqfIfLubbp""}}"
2026-09-19T15:53:57.506951-07:00,reel-es-w03a,ig:ramonhouses,Reel ES,w03a,,error,"HTTP 400: {""error"":{""message"":""Error validating access token: Session has expired on Saturday, 19-Sep-26 10:00:00 PDT. The current time is Saturday, 19-Sep-26 15:53:57 PDT."",""type"":""OAuthException"",""code"":190,""error_subcode"":463,""fbtrace_id"":""AC8VmDh4ZdFE4o19GTpMEmi""}}"
2026-09-19T15:53:57.506951-07:00,bs-05-p3-en,ig:ramonhouses,Blog Series EN,Blog 05 Part 3,,error,"HTTP 400: {""error"":{""message"":""Error validating access token: Session has expired on Saturday, 19-Sep-26 10:00:00 PDT. The current time is Saturday, 19-Sep-26 15:53:57 PDT."",""type"":""OAuthException"",""code"":190,""error_subcode"":463,""fbtrace_id"":""AtdXwp75KVn7mFK5bELjOgL""}}"
2026-09-19T15:53:57.506951-07:00,bs-05-p3-en,li:person,Blog Series EN,Blog 05 Part 3,urn:li:share:7507210409544892416,ok,
2026-09-19T15:53:57.506951-07:00,bs-05-p3-en,threads,Blog Series EN,Blog 05 Part 3,18111583051855500,ok,
2026-09-19T15:53:57.506951-07:00,r2b-day-020,ig:growthwealth,Round 2b,Day 020,,error,"HTTP 400: {""error"":{""message"":""Error validating access token: Session has expired on Saturday, 19-Sep-26 10:00:00 PDT. The current time is Saturday, 19-Sep-26 15:54:15 PDT."",""type"":""OAuthException"",""code"":190,""error_subcode"":463,""fbtrace_id"":""AAmLMVuQ3fgNr2YIQqUEh6u""}}"
2026-09-19T17:58:54.705249-07:00,r2-day-020,fb:543998318793132,Round 2,Day 020,,error,"page lookup failed: HTTP 400: {""error"":{""message"":""Error validating access token: Session has expired on Saturday, 19-Sep-26 10:00:00 PDT. The current time is Saturday, 19-Sep-26 17:58:54 PDT."",""type"":""OAuthException"",""c"
2026-09-19T17:58:54.705249-07:00,bs-05-p3-es,ig:ramonhouses,Blog Series ES,Blog 05 Part 3,,error,"HTTP 400: {""error"":{""message"":""Error validating access token: Session has expired on Saturday, 19-Sep-26 10:00:00 PDT. The current time is Saturday, 19-Sep-26 17:58:54 PDT."",""type"":""OAuthException"",""code"":190,""error_subcode"":463,""fbtrace_id"":""AWVNgkukKDEpvARpTdQD5Qy""}}"
2026-09-19T17:58:54.705249-07:00,re-en-day-05,ig:ramonhouses,RE Single EN,Day 05,,error,"HTTP 400: {""error"":{""message"":""Error validating access token: Session has expired on Saturday, 19-Sep-26 10:00:00 PDT. The current time is Saturday, 19-Sep-26 17:58:55 PDT."",""type"":""OAuthException"",""code"":190,""error_subcode"":463,""fbtrace_id"":""ACfoOejUHi3ZaBIrpIhBg3y""}}"
2026-09-19T17:58:54.705249-07:00,reel-es-w03a,ig:ramonhouses,Reel ES,w03a,,error,"HTTP 400: {""error"":{""message"":""Error validating access token: Session has expired on Saturday, 19-Sep-26 10:00:00 PDT. The current time is Saturday, 19-Sep-26 17:58:55 PDT."",""type"":""OAuthException"",""code"":190,""error_subcode"":463,""fbtrace_id"":""AYHALconc_WL54ADAPxl_Z0""}}"
2026-09-19T17:58:54.705249-07:00,bs-05-p3-en,ig:ramonhouses,Blog Series EN,Blog 05 Part 3,,error,"HTTP 400: {""error"":{""message"":""Error validating access token: Session has expired on Saturday, 19-Sep-26 10:00:00 PDT. The current time is Saturday, 19-Sep-26 17:58:55 PDT."",""type"":""OAuthException"",""code"":190,""error_subcode"":463,""fbtrace_id"":""A-UKXCPgCRtRrhZyqfnputn""}}"
2026-09-19T17:58:54.705249-07:00,r2b-day-020,ig:growthwealth,Round 2b,Day 020,,error,"HTTP 400: {""error"":{""message"":""Error validating access token: Session has expired on Saturday, 19-Sep-26 10:00:00 PDT. The current time is Saturday, 19-Sep-26 17:58:55 PDT."",""type"":""OAuthException"",""code"":190,""error_subcode"":463,""fbtrace_id"":""AcFf2YDHX6iYPf-J9e-AL2A""}}"
2026-09-19T23:03:42.223722-07:00,r2-day-020,fb:543998318793132,Round 2,Day 020,,error,"page lookup failed: HTTP 400: {""error"":{""message"":""Error validating access token: Session has expired on Saturday, 19-Sep-26 10:00:00 PDT. The current time is Saturday, 19-Sep-26 23:03:42 PDT."",""type"":""OAuthException"",""c"
2026-09-19T23:03:42.223722-07:00,bs-05-p3-es,ig:ramonhouses,Blog Series ES,Blog 05 Part 3,,error,"HTTP 400: {""error"":{""message"":""Error validating access token: Session has expired on Saturday, 19-Sep-26 10:00:00 PDT. The current time is Saturday, 19-Sep-26 23:03:42 PDT."",""type"":""OAuthException"",""code"":190,""error_subcode"":463,""fbtrace_id"":""AX_1TOc5Yu81PR4QU-bQZJ0""}}"
2026-09-19T23:03:42.223722-07:00,re-en-day-05,ig:ramonhouses,RE Single EN,Day 05,,error,"HTTP 400: {""error"":{""message"":""Error validating access token: Session has expired on Saturday, 19-Sep-26 10:00:00 PDT. The current time is Saturday, 19-Sep-26 23:03:42 PDT."",""type"":""OAuthException"",""code"":190,""error_subcode"":463,""fbtrace_id"":""AW39xMpViBAb_gF-iUuSSVf""}}"
2026-09-19T23:03:42.223722-07:00,reel-es-w03a,ig:ramonhouses,Reel ES,w03a,,error,"HTTP 400: {""error"":{""message"":""Error validating access token: Session has expired on Saturday, 19-Sep-26 10:00:00 PDT. The current time is Saturday, 19-Sep-26 23:03:42 PDT."",""type"":""OAuthException"",""code"":190,""error_subcode"":463,""fbtrace_id"":""ABuabiuMm3r__nQN_KnOJ3F""}}"
2026-09-19T23:03:42.223722-07:00,bs-05-p3-en,ig:ramonhouses,Blog Series EN,Blog 05 Part 3,,error,"HTTP 400: {""error"":{""message"":""Error validating access token: Session has expired on Saturday, 19-Sep-26 10:00:00 PDT. The current time is Saturday, 19-Sep-26 23:03:42 PDT."",""type"":""OAuthException"",""code"":190,""error_subcode"":463,""fbtrace_id"":""Arodb-R5jF4WWAZfG3LmpEj""}}"
2026-09-19T23:03:42.223722-07:00,r2b-day-020,ig:growthwealth,Round 2b,Day 020,,error,"HTTP 400: {""error"":{""message"":""Error validating access token: Session has expired on Saturday, 19-Sep-26 10:00:00 PDT. The current time is Saturday, 19-Sep-26 23:03:42 PDT."",""type"":""OAuthException"",""code"":190,""error_subcode"":463,""fbtrace_id"":""A8oxX6c9KTcwHind5NhebcX""}}"
2026-09-20T04:15:33.528858-07:00,r2-day-021,ig:growthwealth,Round 2,Day 021,,error,"HTTP 400: {""error"":{""message"":""Error validating access token: Session has expired on Saturday, 19-Sep-26 10:00:00 PDT. The current time is Sunday, 20-Sep-26 04:15:33 PDT."",""type"":""OAuthException"",""code"":190,""error_subcode"":463,""fbtrace_id"":""AEogCsEDaa3BjOa-PxMI-_z""}}"
2026-09-20T04:15:33.528858-07:00,r2-day-021,fb:543998318793132,Round 2,Day 021,,error,"page lookup failed: HTTP 400: {""error"":{""message"":""Error validating access token: Session has expired on Saturday, 19-Sep-26 10:00:00 PDT. The current time is Sunday, 20-Sep-26 04:15:33 PDT."",""type"":""OAuthException"",""cod"
2026-09-20T08:57:52.374311-07:00,r2-day-021,ig:growthwealth,Round 2,Day 021,,error,"HTTP 400: {""error"":{""message"":""Error validating access token: Session has expired on Saturday, 19-Sep-26 10:00:00 PDT. The current time is Sunday, 20-Sep-26 08:57:52 PDT."",""type"":""OAuthException"",""code"":190,""error_subcode"":463,""fbtrace_id"":""A95y9UcetI2nqGMllQf-OsC""}}"
2026-09-20T08:57:52.374311-07:00,r2-day-021,fb:543998318793132,Round 2,Day 021,,error,"page lookup failed: HTTP 400: {""error"":{""message"":""Error validating access token: Session has expired on Saturday, 19-Sep-26 10:00:00 PDT. The current time is Sunday, 20-Sep-26 08:57:52 PDT."",""type"":""OAuthException"",""cod"
2026-09-20T11:41:51.845989-07:00,r2-day-021,ig:growthwealth,Round 2,Day 021,,error,"HTTP 400: {""error"":{""message"":""Error validating access token: Session has expired on Saturday, 19-Sep-26 10:00:00 PDT. The current time is Sunday, 20-Sep-26 11:41:51 PDT."",""type"":""OAuthException"",""code"":190,""error_subcode"":463,""fbtrace_id"":""AUDwpkuXMkNxw2sqkLjWyQr""}}"
2026-09-20T11:41:51.845989-07:00,r2-day-021,fb:543998318793132,Round 2,Day 021,,error,"page lookup failed: HTTP 400: {""error"":{""message"":""Error validating access token: Session has expired on Saturday, 19-Sep-26 10:00:00 PDT. The current time is Sunday, 20-Sep-26 11:41:52 PDT."",""type"":""OAuthException"",""cod"
2026-09-20T11:41:51.845989-07:00,re-es-day-05,ig:ramonhouses,RE Single ES,Day 05,,error,"HTTP 400: {""error"":{""message"":""Error validating access token: Session has expired on Saturday, 19-Sep-26 10:00:00 PDT. The current time is Sunday, 20-Sep-26 11:41:52 PDT."",""type"":""OAuthException"",""code"":190,""error_subcode"":463,""fbtrace_id"":""AjpTrl5F-TJV0X5ZaKsKSGs""}}"
2026-09-20T11:41:51.845989-07:00,re-es-day-05,li:person,RE Single ES,Day 05,urn:li:share:7507509355085254656,ok,
2026-09-20T11:41:51.845989-07:00,re-es-day-05,threads,RE Single ES,Day 05,17876086452562444,ok,
2026-09-20T14:27:08.111319-07:00,r2-day-021,ig:growthwealth,Round 2,Day 021,,error,"HTTP 400: {""error"":{""message"":""Error validating access token: Session has expired on Saturday, 19-Sep-26 10:00:00 PDT. The current time is Sunday, 20-Sep-26 14:27:08 PDT."",""type"":""OAuthException"",""code"":190,""error_subcode"":463,""fbtrace_id"":""AX_3uU5Rjzw3hBhAc-Zwktb""}}"
2026-09-20T14:27:08.111319-07:00,r2-day-021,fb:543998318793132,Round 2,Day 021,,error,"page lookup failed: HTTP 400: {""error"":{""message"":""Error validating access token: Session has expired on Saturday, 19-Sep-26 10:00:00 PDT. The current time is Sunday, 20-Sep-26 14:27:08 PDT."",""type"":""OAuthException"",""cod"
2026-09-20T14:27:08.111319-07:00,re-es-day-05,ig:ramonhouses,RE Single ES,Day 05,,error,"HTTP 400: {""error"":{""message"":""Error validating access token: Session has expired on Saturday, 19-Sep-26 10:00:00 PDT. The current time is Sunday, 20-Sep-26 14:27:08 PDT."",""type"":""OAuthException"",""code"":190,""error_subcode"":463,""fbtrace_id"":""A4yn7_KePp3qJ26cZNekXJH""}}"
2026-09-20T14:27:08.111319-07:00,r2b-day-021,ig:growthwealth,Round 2b,Day 021,,error,"HTTP 400: {""error"":{""message"":""Error validating access token: Session has expired on Saturday, 19-Sep-26 10:00:00 PDT. The current time is Sunday, 20-Sep-26 14:27:08 PDT."",""type"":""OAuthException"",""code"":190,""error_subcode"":463,""fbtrace_id"":""AhnIJYIlrWbe425tlLbJ9d-""}}"
2026-09-20T17:08:13.308543-07:00,r2-day-021,ig:growthwealth,Round 2,Day 021,,error,"HTTP 400: {""error"":{""message"":""Error validating access token: Session has expired on Saturday, 19-Sep-26 10:00:00 PDT. The current time is Sunday, 20-Sep-26 17:08:13 PDT."",""type"":""OAuthException"",""code"":190,""error_subcode"":463,""fbtrace_id"":""A8iegUg3WXu_Dj3-u6MsUjf""}}"
2026-09-20T17:08:13.308543-07:00,r2-day-021,fb:543998318793132,Round 2,Day 021,,error,"page lookup failed: HTTP 400: {""error"":{""message"":""Error validating access token: Session has expired on Saturday, 19-Sep-26 10:00:00 PDT. The current time is Sunday, 20-Sep-26 17:08:13 PDT."",""type"":""OAuthException"",""cod"
2026-09-20T17:08:13.308543-07:00,re-es-day-05,ig:ramonhouses,RE Single ES,Day 05,,error,"HTTP 400: {""error"":{""message"":""Error validating access token: Session has expired on Saturday, 19-Sep-26 10:00:00 PDT. The current time is Sunday, 20-Sep-26 17:08:13 PDT."",""type"":""OAuthException"",""code"":190,""error_subcode"":463,""fbtrace_id"":""AsYT_HbJ2MGpj2pHzXrSbKQ""}}"
2026-09-20T17:08:13.308543-07:00,r2b-day-021,ig:growthwealth,Round 2b,Day 021,,error,"HTTP 400: {""error"":{""message"":""Error validating access token: Session has expired on Saturday, 19-Sep-26 10:00:00 PDT. The current time is Sunday, 20-Sep-26 17:08:13 PDT."",""type"":""OAuthException"",""code"":190,""error_subcode"":463,""fbtrace_id"":""A9DRsvo2waoOjkIQhQllCHu""}}"
2026-09-20T23:10:07.866660-07:00,r2-day-021,ig:growthwealth,Round 2,Day 021,,error,"HTTP 400: {""error"":{""message"":""Error validating access token: Session has expired on Saturday, 19-Sep-26 10:00:00 PDT. The current time is Sunday, 20-Sep-26 23:10:08 PDT."",""type"":""OAuthException"",""code"":190,""error_subcode"":463,""fbtrace_id"":""AHAeiMQ40oVO9xrD2-VyNE4""}}"
2026-09-20T23:10:07.866660-07:00,r2-day-021,fb:543998318793132,Round 2,Day 021,,error,"page lookup failed: HTTP 400: {""error"":{""message"":""Error validating access token: Session has expired on Saturday, 19-Sep-26 10:00:00 PDT. The current time is Sunday, 20-Sep-26 23:10:08 PDT."",""type"":""OAuthException"",""cod"
2026-09-20T23:10:07.866660-07:00,re-es-day-05,ig:ramonhouses,RE Single ES,Day 05,,error,"HTTP 400: {""error"":{""message"":""Error validating access token: Session has expired on Saturday, 19-Sep-26 10:00:00 PDT. The current time is Sunday, 20-Sep-26 23:10:08 PDT."",""type"":""OAuthException"",""code"":190,""error_subcode"":463,""fbtrace_id"":""ALhXrOGM-QAfl04ISxQaW4z""}}"
2026-09-20T23:10:07.866660-07:00,r2b-day-021,ig:growthwealth,Round 2b,Day 021,,error,"HTTP 400: {""error"":{""message"":""Error validating access token: Session has expired on Saturday, 19-Sep-26 10:00:00 PDT. The current time is Sunday, 20-Sep-26 23:10:08 PDT."",""type"":""OAuthException"",""code"":190,""error_subcode"":463,""fbtrace_id"":""AIpKf0GNDxZP4UnapgvmxNn""}}"
2026-09-21T06:55:58.853659-07:00,r2-day-022,ig:growthwealth,Round 2,Day 022,,error,"HTTP 400: {""error"":{""message"":""Error validating access token: Session has expired on Saturday, 19-Sep-26 10:00:00 PDT. The current time is Monday, 21-Sep-26 06:55:59 PDT."",""type"":""OAuthException"",""code"":190,""error_subcode"":463,""fbtrace_id"":""ADKjXAG7Sqn1MHveGGc_S1D""}}"
2026-09-21T06:55:58.853659-07:00,r2-day-022,fb:543998318793132,Round 2,Day 022,,error,"page lookup failed: HTTP 400: {""error"":{""message"":""Error validating access token: Session has expired on Saturday, 19-Sep-26 10:00:00 PDT. The current time is Monday, 21-Sep-26 06:55:59 PDT."",""type"":""OAuthException"",""cod"
2026-09-21T10:36:37.867328-07:00,r2-day-022,ig:growthwealth,Round 2,Day 022,18100689887345791,ok,
2026-09-21T10:36:37.867328-07:00,r2-day-022,fb:543998318793132,Round 2,Day 022,543998318793132_122180582714716289,ok,
2026-09-21T10:36:37.867328-07:00,re-en-day-06,ig:ramonhouses,RE Single EN,Day 06,18105816872608459,ok,
2026-09-21T10:36:37.867328-07:00,re-en-day-06,fb:414239392030697,RE Single EN,Day 06,414239392030697_122228317982048227,ok,
2026-09-21T10:36:37.867328-07:00,re-en-day-06,li:person,RE Single EN,Day 06,urn:li:share:7507855458473398272,ok,
2026-09-21T10:36:37.867328-07:00,re-en-day-06,threads,RE Single EN,Day 06,18011120417974209,ok,
2026-09-21T11:06:33.181800-07:00,re-en-day-05,ig:ramonhouses,RE Single EN,Day 05,18381281548231869,ok,
2026-09-21T11:06:33.181800-07:00,re-en-day-05,fb:414239392030697,RE Single EN,Day 05,414239392030697_122228319776048227,ok,
2026-09-21T11:06:33.181800-07:00,bs-05-p3-es,ig:ramonhouses,Blog Series ES,Blog 05 Part 3,18095208086425944,ok,
2026-09-21T11:06:33.181800-07:00,bs-05-p3-es,fb:414239392030697,Blog Series ES,Blog 05 Part 3,414239392030697_122228319854048227,ok,
2026-09-21T11:06:33.181800-07:00,bs-05-p3-en,ig:ramonhouses,Blog Series EN,Blog 05 Part 3,,error,"HTTP 400: {""error"":{""message"":""Media ID is not available"",""type"":""OAuthException"",""code"":9007,""error_subcode"":2207027,""is_transient"":false,""error_user_title"":""Cannot Publish"",""error_user_msg"":""The media is not ready for publishing, please wait for a moment"",""fbtrace_id"":""Aw-KuZu6q2NchWfXk3vz3Jd""}}"
2026-09-21T11:06:33.181800-07:00,bs-05-p3-en,fb:414239392030697,Blog Series EN,Blog 05 Part 3,414239392030697_122228319908048227,ok,
2026-09-21T11:06:33.181800-07:00,reel-es-w03a,ig:ramonhouses,Reel ES,w03a,18144097198572437,ok,
2026-09-21T11:06:33.181800-07:00,reel-es-w03a,fb:414239392030697,Reel ES,w03a,28341611955489608,ok,
2026-09-21T11:06:33.181800-07:00,re-es-day-05,ig:ramonhouses,RE Single ES,Day 05,18115114585800935,ok,
2026-09-21T11:06:33.181800-07:00,re-es-day-05,fb:414239392030697,RE Single ES,Day 05,414239392030697_122228320202048227,ok,
2026-09-21T11:06:33.181800-07:00,r2b-day-020,ig:growthwealth,Round 2b,Day 020,18133725823658763,ok,
2026-09-21T11:06:33.181800-07:00,r2b-day-020,fb:543998318793132,Round 2b,Day 020,543998318793132_122180591042716289,ok,
2026-09-21T11:06:33.181800-07:00,r2-day-021,ig:growthwealth,Round 2,Day 021,18121173491476047,ok,
2026-09-21T11:06:33.181800-07:00,r2-day-021,fb:543998318793132,Round 2,Day 021,543998318793132_122180591168716289,ok,
2026-09-21T11:06:33.181800-07:00,r2b-day-021,ig:growthwealth,Round 2b,Day 021,17984387286083159,ok,
2026-09-21T11:06:33.181800-07:00,r2b-day-021,fb:543998318793132,Round 2b,Day 021,543998318793132_122180591342716289,ok,
2026-09-21T11:10:19.849279-07:00,bs-05-p3-en,ig:ramonhouses,Blog Series EN,Blog 05 Part 3,18132570772735717,ok,
2026-09-21T12:18:01.024707-07:00,rq-05-es,ig:ramonhouses,RE Quote ES,Card 05,18117327772800728,ok,
2026-09-21T12:18:01.024707-07:00,rq-05-es,fb:414239392030697,RE Quote ES,Card 05,414239392030697_122228326598048227,ok,
2026-09-21T12:18:01.024707-07:00,rq-05-es,li:person,RE Quote ES,Card 05,urn:li:share:7507880916745216001,ok,
2026-09-21T12:18:01.024707-07:00,rq-05-es,threads,RE Quote ES,Card 05,18124150177903644,ok,
2026-09-21T16:11:50.975884-07:00,r2b-day-022,ig:growthwealth,Round 2b,Day 022,18113992027816683,ok,
2026-09-21T16:11:50.975884-07:00,r2b-day-022,fb:543998318793132,Round 2b,Day 022,543998318793132_122180616380716289,ok,
2026-09-22T02:51:12.603046-07:00,r2-day-023,ig:growthwealth,Round 2,Day 023,17985467484120166,ok,
2026-09-22T02:51:12.603046-07:00,r2-day-023,fb:543998318793132,Round 2,Day 023,543998318793132_122180665910716289,ok,
2026-09-22T11:45:45.432664-07:00,bs-01-p1-es,ig:ramonhouses,Blog Series ES,Blog 01 Part 1,18419883142146186,ok,
2026-09-22T11:45:45.432664-07:00,bs-01-p1-es,fb:414239392030697,Blog Series ES,Blog 01 Part 1,414239392030697_122228465900048227,ok,
2026-09-22T11:45:45.432664-07:00,bs-01-p1-es,li:person,Blog Series ES,Blog 01 Part 1,urn:li:share:7508235185449197568,ok,
2026-09-22T11:45:45.432664-07:00,bs-01-p1-es,threads,Blog Series ES,Blog 01 Part 1,17973509655141369,ok,
2026-09-22T11:45:45.432664-07:00,car-en-w04a,ig:ramonhouses,Carousel EN,w04a,,error,"HTTP 400: {""error"":{""message"":""Media ID is not available"",""type"":""OAuthException"",""code"":9007,""error_subcode"":2207027,""is_transient"":false,""error_user_title"":""Cannot Publish"",""error_user_msg"":""The media is not ready for publishing, please wait for a moment"",""fbtrace_id"":""ANzwzQ8llzlN1z49L9uS1JL""}}"
2026-09-22T11:45:45.432664-07:00,car-en-w04a,fb:414239392030697,Carousel EN,w04a,414239392030697_122228466734048227,ok,
2026-09-22T11:45:45.432664-07:00,car-en-w04a,li:person,Carousel EN,w04a,urn:li:ugcPost:7508235543496024064,ok,
2026-09-22T11:45:45.432664-07:00,car-en-w04a,threads,Carousel EN,w04a,,error,"HTTP 400: {""error"":{""message"":""The requested resource does not exist"",""type"":""OAuthException"",""code"":24,""error_subcode"":4279009,""is_transient"":false,""error_user_title"":""Media Not Found"",""error_user_msg"":""The media with id 17923612353424903 cannot be found."",""fbtrace_id"":""AGuNfTFzr8dB_UQvMS-ef35""}}"
2026-09-22T14:59:38.906139-07:00,car-en-w04a,ig:ramonhouses,Carousel EN,w04a,18028784366889422,ok,
2026-09-22T14:59:38.906139-07:00,car-en-w04a,threads,Carousel EN,w04a,18373530625240205,ok,
2026-09-22T14:59:38.906139-07:00,bs-01-p1-en,ig:ramonhouses,Blog Series EN,Blog 01 Part 1,18126571825891690,ok,
2026-09-22T14:59:38.906139-07:00,bs-01-p1-en,fb:414239392030697,Blog Series EN,Blog 01 Part 1,414239392030697_122228481482048227,ok,
2026-09-22T14:59:38.906139-07:00,bs-01-p1-en,li:person,Blog Series EN,Blog 01 Part 1,urn:li:share:7508284365676662784,ok,
2026-09-22T14:59:38.906139-07:00,bs-01-p1-en,threads,Blog Series EN,Blog 01 Part 1,18117354178947953,ok,
2026-09-22T14:59:38.906139-07:00,r2b-day-023,ig:growthwealth,Round 2b,Day 023,18262048066307649,ok,
2026-09-22T14:59:38.906139-07:00,r2b-day-023,fb:543998318793132,Round 2b,Day 023,543998318793132_122180739080716289,ok,
2026-09-23T04:23:56.073392-07:00,r2-day-024,ig:growthwealth,Round 2,Day 024,17984322860889119,ok,
2026-09-23T04:23:56.073392-07:00,r2-day-024,fb:543998318793132,Round 2,Day 024,543998318793132_122180805968716289,ok,
2026-09-23T13:11:58.617583-07:00,car-es-w04a,ig:ramonhouses,Carousel ES,w04a,18114541817004731,ok,
2026-09-23T13:11:58.617583-07:00,car-es-w04a,fb:414239392030697,Carousel ES,w04a,414239392030697_122228573504048227,ok,
2026-09-23T13:11:58.617583-07:00,car-es-w04a,threads,Carousel ES,w04a,18163020367490163,ok,
2026-09-23T13:11:58.617583-07:00,rq-06-en,ig:ramonhouses,RE Quote EN,Card 06,17990952267105731,ok,
2026-09-23T13:11:58.617583-07:00,rq-06-en,fb:414239392030697,RE Quote EN,Card 06,414239392030697_122228573972048227,ok,
2026-09-23T13:11:58.617583-07:00,rq-06-en,li:person,RE Quote EN,Card 06,urn:li:share:7508619747924799488,ok,
2026-09-23T13:11:58.617583-07:00,rq-06-en,threads,RE Quote EN,Card 06,18141693268586296,ok,
2026-09-23T16:36:14.169911-07:00,r2b-day-024,ig:growthwealth,Round 2b,Day 024,18339672721265514,ok,
2026-09-23T16:36:14.169911-07:00,r2b-day-024,fb:543998318793132,Round 2b,Day 024,543998318793132_122180859878716289,ok,
2026-09-24T02:53:52.476935-07:00,r2-day-025,ig:growthwealth,Round 2,Day 025,17980702611065440,ok,
2026-09-24T02:53:52.476935-07:00,r2-day-025,fb:543998318793132,Round 2,Day 025,543998318793132_122180927498716289,ok,
2026-09-24T12:01:49.012350-07:00,bs-01-p2-es,ig:ramonhouses,Blog Series ES,Blog 01 Part 2,18093467909445180,ok,
2026-09-24T12:01:49.012350-07:00,bs-01-p2-es,fb:414239392030697,Blog Series ES,Blog 01 Part 2,414239392030697_122228680562048227,ok,
2026-09-24T12:01:49.012350-07:00,bs-01-p2-es,li:person,Blog Series ES,Blog 01 Part 2,urn:li:share:7508964016493477888,ok,
2026-09-24T12:01:49.012350-07:00,bs-01-p2-es,threads,Blog Series ES,Blog 01 Part 2,18380771149234700,ok,
2026-09-24T12:01:49.012350-07:00,re-es-day-06,ig:ramonhouses,RE Single ES,Day 06,17903051802570431,ok,
2026-09-24T12:01:49.012350-07:00,re-es-day-06,fb:414239392030697,RE Single ES,Day 06,414239392030697_122228680682048227,ok,
2026-09-24T12:01:49.012350-07:00,re-es-day-06,li:person,RE Single ES,Day 06,urn:li:share:7508964153718599680,ok,
2026-09-24T12:01:49.012350-07:00,re-es-day-06,threads,RE Single ES,Day 06,18116735242987939,ok,
2026-09-24T15:16:17.486671-07:00,bs-01-p2-en,ig:ramonhouses,Blog Series EN,Blog 01 Part 2,18221089786340151,ok,
2026-09-24T15:16:17.486671-07:00,bs-01-p2-en,fb:414239392030697,Blog Series EN,Blog 01 Part 2,414239392030697_122228696276048227,ok,
2026-09-24T15:16:17.486671-07:00,bs-01-p2-en,li:person,Blog Series EN,Blog 01 Part 2,urn:li:share:7509012939232772096,ok,
2026-09-24T15:16:17.486671-07:00,bs-01-p2-en,threads,Blog Series EN,Blog 01 Part 2,18351451543223192,ok,
2026-09-24T15:16:17.486671-07:00,r2b-day-025,ig:growthwealth,Round 2b,Day 025,18093200522444191,ok,
2026-09-24T15:16:17.486671-07:00,r2b-day-025,fb:543998318793132,Round 2b,Day 025,543998318793132_122180998658716289,ok,
2026-09-24T22:51:20.734130-07:00,sold-2026-09-24-kensington-404-en,ig:ramonhouses,Just Sold,404-20926 83 Ave R3130299,18015803492745170,ok,
2026-09-24T22:51:20.734130-07:00,sold-2026-09-24-kensington-404-en,fb:414239392030697,Just Sold,404-20926 83 Ave R3130299,414239392030697_122228726870048227,ok,
2026-09-24T22:51:20.734130-07:00,sold-2026-09-24-kensington-404-en,li:person,Just Sold,404-20926 83 Ave R3130299,urn:li:share:7509127471418511360,ok,
2026-09-24T22:51:20.734130-07:00,sold-2026-09-24-kensington-404-en,threads,Just Sold,404-20926 83 Ave R3130299,18097055903409143,ok,
2026-09-24T22:51:20.734130-07:00,sold-2026-09-24-kensington-404-es,ig:ramonhouses,Just Sold,404-20926 83 Ave R3130299,18475391455113571,ok,
2026-09-24T22:51:20.734130-07:00,sold-2026-09-24-kensington-404-es,fb:414239392030697,Just Sold,404-20926 83 Ave R3130299,414239392030697_122228727140048227,ok,
2026-09-24T22:51:20.734130-07:00,sold-2026-09-24-kensington-404-es,li:person,Just Sold,404-20926 83 Ave R3130299,urn:li:share:7509127599999213568,ok,
2026-09-24T22:51:20.734130-07:00,sold-2026-09-24-kensington-404-es,threads,Just Sold,404-20926 83 Ave R3130299,18142323220595995,ok,
2026-09-25T06:38:10.573601-07:00,r2-day-026,ig:growthwealth,Round 2,Day 026,18017642117935098,ok,
2026-09-25T06:38:10.573601-07:00,r2-day-026,fb:543998318793132,Round 2,Day 026,543998318793132_122181072602716289,ok,
2026-09-25T11:29:24.451051-07:00,reel-en-w04a,ig:ramonhouses,Reel EN,w04a,18092955887238461,ok,
2026-09-25T11:29:24.451051-07:00,reel-en-w04a,fb:414239392030697,Reel EN,w04a,1449461567124463,ok,
2026-09-25T11:29:24.451051-07:00,reel-en-w04a,threads,Reel EN,w04a,18168816826461540,ok,
2026-09-25T11:29:24.451051-07:00,reel-en-w04a,yt,Reel EN,w04a,nWaRfB9qLHg,ok,
2026-09-25T15:13:18.714384-07:00,rq-07-es,ig:ramonhouses,RE Quote ES,Card 07,18096505568415666,ok,
2026-09-25T15:13:18.714384-07:00,rq-07-es,fb:414239392030697,RE Quote ES,Card 07,414239392030697_122228797094048227,ok,
2026-09-25T15:13:18.714384-07:00,rq-07-es,li:person,RE Quote ES,Card 07,urn:li:share:7509374570873700352,ok,
2026-09-25T15:13:18.714384-07:00,rq-07-es,threads,RE Quote ES,Card 07,18106580408351031,ok,
2026-09-25T15:13:18.714384-07:00,r2b-day-026,ig:growthwealth,Round 2b,Day 026,17885339916653337,ok,
2026-09-25T15:13:18.714384-07:00,r2b-day-026,fb:543998318793132,Round 2b,Day 026,543998318793132_122181118382716289,ok,
