post_id,question
rq-08-en,What's the one home maintenance job you always put off?
car-en-w05a,Which of these strata documents would you read first?
car-es-w05a,¿Cuál de estos documentos del strata leerías primero?
re-es-day-08,¿Buscarías con un tope de $799 mil o de $800 mil?
reel-en-w05a,Have you ever been surprised by a special levy after buying?
reel-es-w05a,¿Alguna vez te sorprendió una cuota especial después de comprar?
re-es-day-09,¿Qué miras primero en un listado: el precio o los días en el mercado?
rq-11-es,Si fueras propietario: ¿un inquilino confiable o una renta más alta?
car-en-w06a,Which handoff do you think fails most often: agent, lender or lawyer?
car-es-w06a,¿Qué entrega crees que falla más: agente, banco o abogado?
re-es-day-10,¿Sabías cuántos días tienes para entregar el depósito?
reel-en-w06a,Who surprised you the most in your last purchase: the lender or the lawyer?
reel-es-w06a,En tu última compra: ¿quién te sorprendió más, el banco o el abogado?
re-es-day-11,¿Revisarías el fondo de reserva antes que la cocina?
rq-14-en,What's one upgrade you thought would add more value than it did?
car-en-w07a,Rental and pet bylaws: deal-breaker or nice-to-know for you?
car-es-w07a,Reglas de renta y mascotas: ¿te harían descartar un edificio?
re-es-day-12,¿A qué edad empezaste a hablar de dinero en tu casa?
reel-en-w07a,Would you buy a great unit in a building with a weak reserve fund?
reel-es-w07a,¿Comprarías una gran unidad en un edificio con un fondo de reserva débil?
re-es-day-13,¿Sabías que el agente de la casa abierta representa al vendedor?
rq-17-es,¿Qué pesa más para ti: la ubicación o la distribución?
car-en-w08a,What's the one thing you'd never skip on a home inspection?
car-es-w08a,¿Qué es lo único que nunca te saltarías en una inspección?
re-es-day-14,¿Cuántos meses de vacancia pones en tus números?
reel-en-w08a,Water or structure: which inspection finding would make you walk away?
reel-es-w08a,Agua o estructura: ¿qué hallazgo te haría retirarte de la compra?
re-es-day-15,¿Has descartado una casa solo por las fotos?
rq-20-en,How long did it take you to meet your neighbours?
car-en-w09a,What surprised you most on completion day?
