post_id,post_date,time,account,series,ref,media,channels,images,caption
car-en-w01a,2026-09-01,11:00,ramonhouses,Carousel EN,w01a,carousel,"ig,fb,li",car-en/w01a/01.jpg|car-en/w01a/02.png|car-en/w01a/03.png|car-en/w01a/04.png|car-en/w01a/05.png|car-en/w01a/06.png|car-en/w01a/07.png|car-en/w01a/08.png,"Accepted is not sold

1. Financing
2. The appraisal
3. Strata documents
4. Inspection
5. Title
6. Subject removal

Swipe through all 8.

Thinking about buying or selling in the Fraser Valley? Send me a message and let's review your options.

Ramon Gutierrez PREC · eXp Realty · ramonhouses.com

#FraserValleyRealEstate #LangleyRealEstate #BCRealEstate #RealEstateTips #ramonhouses"
car-es-w01a,2026-09-02,11:00,ramonhouses,Carousel ES,w01a,carousel,"ig,fb,li",car-es/w01a/01.jpg|car-es/w01a/02.png|car-es/w01a/03.png|car-es/w01a/04.png|car-es/w01a/05.png|car-es/w01a/06.png|car-es/w01a/07.png|car-es/w01a/08.png,"Aceptada no es vendida

1. El financiamiento
2. El avalúo
3. Los documentos del strata
4. La inspección
5. El título
6. El levantamiento de condiciones

Desliza para ver los 8.

¿Estás pensando en comprar o vender en el Fraser Valley? Escríbeme y revisamos tus opciones.

Ramon Gutierrez PREC · eXp Realty · ramonhouses.com

#BienesRaicesBC #FraserValley #Langley #InmobiliariaBC #AgenteEnEspanol #ramonhouses"
re-en-day-01,2026-09-05,10:00,ramonhouses,RE Single EN,Day 01,image,"ig,fb,li",re-en/re-en-day-01.jpg,"Pre-approved is not the same as approved.

The lender still has to approve the property, not just you.

Subject removal is the real deadline.

Everything before it is reversible. After it, not.

Ramon Gutierrez PREC · eXp Realty · ramonhouses.com

#vancouverrealestate #langleybc #fraservalley #homebuying #realestatetips #exprealty"
re-es-day-01,2026-09-06,10:00,ramonhouses,RE Single ES,Day 01,image,"ig,fb,li",re-es/re-es-day-01.jpg,"Aceptada no es vendida

Qué pasa después de la oferta

• Preaprobado no es lo mismo que aprobado.
• El banco todavía tiene que aprobar la propiedad, no solo a ti.
• El levantamiento de condiciones es el plazo real.
• Todo lo anterior es reversible. Lo posterior, no.

¿Estás pensando en comprar o vender en el Fraser Valley? Escríbeme y revisamos tus opciones.

Ramon Gutierrez PREC · eXp Realty · ramonhouses.com

#BienesRaicesBC #FraserValley #Langley #InmobiliariaBC #AgenteEnEspanol #ramonhouses"
re-en-day-02,2026-09-07,10:00,ramonhouses,RE Single EN,Day 02,image,"ig,fb,li",re-en/re-en-day-02.jpg,"Metro Vancouver is dozens of small markets.

One neighbourhood can move while the next does not.

Ask for the numbers on your specific block.

A national average has never sold a house.

Ramon Gutierrez PREC · eXp Realty · ramonhouses.com

#metrovancouver #langley #surreybc #realestatemarket #housingmarket #exprealty"
car-en-w02a,2026-09-08,11:00,ramonhouses,Carousel EN,w02a,carousel,"ig,fb,li",car-en/w02a/01.jpg|car-en/w02a/02.png|car-en/w02a/03.png|car-en/w02a/04.png|car-en/w02a/05.png|car-en/w02a/06.png|car-en/w02a/07.png|car-en/w02a/08.png,"How I analyse a rental

1. Rent minus everything
2. One empty month
3. The renewal rate
4. Strata health
5. Cost to turn it over
6. Who buys it from you

Swipe through all 8.

Thinking about buying or selling in the Fraser Valley? Send me a message and let's review your options.

Ramon Gutierrez PREC · eXp Realty · ramonhouses.com

#FraserValleyRealEstate #LangleyRealEstate #BCRealEstate #RealEstateTips #ramonhouses"
car-es-w02a,2026-09-09,11:00,ramonhouses,Carousel ES,w02a,carousel,"ig,fb,li",car-es/w02a/01.jpg|car-es/w02a/02.png|car-es/w02a/03.png|car-es/w02a/04.png|car-es/w02a/05.png|car-es/w02a/06.png|car-es/w02a/07.png|car-es/w02a/08.png,"Cómo analizo una renta

1. Renta menos todo
2. Un mes vacío
3. La tasa de renovación
4. La salud del strata
5. El costo de cambiar de inquilino
6. Quién te la compra después

Desliza para ver los 8.

¿Estás pensando en comprar o vender en el Fraser Valley? Escríbeme y revisamos tus opciones.

Ramon Gutierrez PREC · eXp Realty · ramonhouses.com

#BienesRaicesBC #FraserValley #Langley #InmobiliariaBC #AgenteEnEspanol #ramonhouses"
re-es-day-02,2026-09-10,10:00,ramonhouses,RE Single ES,Day 02,image,"ig,fb,li",re-es/re-es-day-02.jpg,"El titular nacional no es tu calle

Por qué solo sirve el dato local

• Metro Vancouver son decenas de mercados pequeños.
• Un barrio se mueve mientras el de al lado no.
• Pide los números de tu cuadra específica.
• Un promedio nacional nunca ha vendido una casa.

¿Estás pensando en comprar o vender en el Fraser Valley? Escríbeme y revisamos tus opciones.

Ramon Gutierrez PREC · eXp Realty · ramonhouses.com

#BienesRaicesBC #FraserValley #Langley #InmobiliariaBC #AgenteEnEspanol #ramonhouses"
reel-en-w02a,2026-09-11,11:00,ramonhouses,Reel EN,w02a,reel,"ig,fb,yt",reels/w02a.mp4,"How I analyse a rental

1. Rent minus everything
2. One empty month
3. The renewal rate
4. Strata health
5. Cost to turn it over
6. Who buys it from you

Swipe through all 8.

Thinking about buying or selling in the Fraser Valley? Send me a message and let's review your options.

Ramon Gutierrez PREC · eXp Realty · ramonhouses.com

#FraserValleyRealEstate #LangleyRealEstate #BCRealEstate #RealEstateTips #ramonhouses"
re-en-day-03,2026-09-12,10:00,ramonhouses,RE Single EN,Day 03,image,"ig,fb,li",re-en/re-en-day-03.jpg,"Add property tax, strata, insurance.

Add a month of vacancy every year.

Add the cost of turning the unit over.

What is left is the actual number.

Ramon Gutierrez PREC · eXp Realty · ramonhouses.com

#realestateinvesting #rentalproperty #cashflow #investmentproperty #bcrealestate #exprealty"
re-es-day-03,2026-09-13,10:00,ramonhouses,RE Single ES,Day 03,image,"ig,fb,li",re-es/re-es-day-03.jpg,"Renta menos hipoteca no es flujo de caja

El número que casi todos calculan mal

• Suma predial, strata y seguro.
• Suma un mes de vacancia cada año.
• Suma el costo de cambiar de inquilino.
• Lo que queda es el número real.

¿Estás pensando en comprar o vender en el Fraser Valley? Escríbeme y revisamos tus opciones.

Ramon Gutierrez PREC · eXp Realty · ramonhouses.com

#BienesRaicesBC #FraserValley #Langley #InmobiliariaBC #AgenteEnEspanol #ramonhouses"
re-en-day-04,2026-09-14,10:00,ramonhouses,RE Single EN,Day 04,image,"ig,fb,li",re-en/re-en-day-04.jpg,"Talk to a broker before you look at listings.

Get the pre-approval in writing, with an expiry.

Then view, with your own REALTOR.

Falling in love before financing costs months.

Ramon Gutierrez PREC · eXp Realty · ramonhouses.com

#firsttimehomebuyer #bcrealestate #homebuying #mortgagebroker #langleybc #exprealty"
car-en-w03a,2026-09-15,11:00,ramonhouses,Carousel EN,w03a,carousel,"ig,fb,li",car-en/w03a/01.jpg|car-en/w03a/02.png|car-en/w03a/03.png|car-en/w03a/04.png|car-en/w03a/05.png|car-en/w03a/06.png|car-en/w03a/07.png|car-en/w03a/08.png,"Subject removal

1. What it means
2. It is a deadline, not a target
3. Work backwards from it
4. Extensions must be in writing
5. Remove nothing you have not satisfied
6. Diarise it the day you are accepted

Swipe through all 8.

Thinking about buying or selling in the Fraser Valley? Send me a message and let's review your options.

Ramon Gutierrez PREC · eXp Realty · ramonhouses.com

#FraserValleyRealEstate #LangleyRealEstate #BCRealEstate #RealEstateTips #ramonhouses"
car-es-w03a,2026-09-16,11:00,ramonhouses,Carousel ES,w03a,carousel,"ig,fb,li",car-es/w03a/01.jpg|car-es/w03a/02.png|car-es/w03a/03.png|car-es/w03a/04.png|car-es/w03a/05.png|car-es/w03a/06.png|car-es/w03a/07.png|car-es/w03a/08.png,"El levantamiento de condiciones

1. Qué significa
2. Es un plazo, no una meta
3. Trabaja hacia atrás desde ahí
4. Las extensiones van por escrito
5. No levantes lo que no has cumplido
6. Agéndalo el día que te aceptan

Desliza para ver los 8.

¿Estás pensando en comprar o vender en el Fraser Valley? Escríbeme y revisamos tus opciones.

Ramon Gutierrez PREC · eXp Realty · ramonhouses.com

#BienesRaicesBC #FraserValley #Langley #InmobiliariaBC #AgenteEnEspanol #ramonhouses"
re-es-day-04,2026-09-17,10:00,ramonhouses,RE Single ES,Day 04,image,"ig,fb,li",re-es/re-es-day-04.jpg,"El orden que nadie sigue

Primeros compradores en BC

• Habla con un asesor antes de ver anuncios.
• Consigue la preaprobación por escrito, con vencimiento.
• Y luego visita, con tu propio agente.
• Enamorarte antes del financiamiento cuesta meses.

¿Estás pensando en comprar o vender en el Fraser Valley? Escríbeme y revisamos tus opciones.

Ramon Gutierrez PREC · eXp Realty · ramonhouses.com

#BienesRaicesBC #FraserValley #Langley #InmobiliariaBC #AgenteEnEspanol #ramonhouses"
reel-en-w03a,2026-09-18,11:00,ramonhouses,Reel EN,w03a,reel,"ig,fb,yt",reels/w03a.mp4,"Subject removal

1. What it means
2. It is a deadline, not a target
3. Work backwards from it
4. Extensions must be in writing
5. Remove nothing you have not satisfied
6. Diarise it the day you are accepted

Swipe through all 8.

Thinking about buying or selling in the Fraser Valley? Send me a message and let's review your options.

Ramon Gutierrez PREC · eXp Realty · ramonhouses.com

#FraserValleyRealEstate #LangleyRealEstate #BCRealEstate #RealEstateTips #ramonhouses"
re-en-day-05,2026-09-19,10:00,ramonhouses,RE Single EN,Day 05,image,"ig,fb,li",re-en/re-en-day-05.jpg,"I wanted to build something that kept paying.

The model rewards building a team, not just closing.

It changed what I could offer other agents.

Ask me about it if you're weighing a move.

Ramon Gutierrez PREC · eXp Realty · ramonhouses.com

#exprealty #realestateagent #revshare #realestatecareer #agentattraction #realtor"
re-es-day-05,2026-09-20,10:00,ramonhouses,RE Single ES,Day 05,image,"ig,fb,li",re-es/re-es-day-05.jpg,"Por qué me cambié de brokerage

La versión corta

• Quería construir algo que siguiera pagando.
• El modelo premia construir equipo, no solo cerrar.
• Cambió lo que podía ofrecerle a otros agentes.
• Pregúntame si estás evaluando un cambio.

¿Estás pensando en comprar o vender en el Fraser Valley? Escríbeme y revisamos tus opciones.

Ramon Gutierrez PREC · eXp Realty · ramonhouses.com

#BienesRaicesBC #FraserValley #Langley #InmobiliariaBC #AgenteEnEspanol #ramonhouses"
re-en-day-06,2026-09-21,10:00,ramonhouses,RE Single EN,Day 06,image,"ig,fb,li",re-en/re-en-day-06.jpg,"Two years of minutes tell you the truth.

Look for repeated repairs and deferred work.

A pending special levy changes the math.

The documents are boring. So is losing money.

Ramon Gutierrez PREC · eXp Realty · ramonhouses.com

#stratalife #condobuying #vancouverrealestate #homebuyingtips #realestatetips #exprealty"
car-en-w04a,2026-09-22,11:00,ramonhouses,Carousel EN,w04a,carousel,"ig,fb,li",car-en/w04a/01.jpg|car-en/w04a/02.png|car-en/w04a/03.png|car-en/w04a/04.png|car-en/w04a/05.png|car-en/w04a/06.png|car-en/w04a/07.png|car-en/w04a/08.png,"Condo, townhouse or detached

1. What the strata maintains
2. Space and stairs
3. Monthly cost, not price
4. Noise and neighbours
5. Land
6. The resale pool

Swipe through all 8.

Thinking about buying or selling in the Fraser Valley? Send me a message and let's review your options.

Ramon Gutierrez PREC · eXp Realty · ramonhouses.com

#FraserValleyRealEstate #LangleyRealEstate #BCRealEstate #RealEstateTips #ramonhouses"
car-es-w04a,2026-09-23,11:00,ramonhouses,Carousel ES,w04a,carousel,"ig,fb,li",car-es/w04a/01.jpg|car-es/w04a/02.png|car-es/w04a/03.png|car-es/w04a/04.png|car-es/w04a/05.png|car-es/w04a/06.png|car-es/w04a/07.png|car-es/w04a/08.png,"Condominio, townhouse o casa

1. Qué mantiene el strata
2. Espacio y escaleras
3. Costo mensual, no precio
4. Ruido y vecinos
5. El terreno
6. Quién te la compra después

Desliza para ver los 8.

¿Estás pensando en comprar o vender en el Fraser Valley? Escríbeme y revisamos tus opciones.

Ramon Gutierrez PREC · eXp Realty · ramonhouses.com

#BienesRaicesBC #FraserValley #Langley #InmobiliariaBC #AgenteEnEspanol #ramonhouses"
re-es-day-06,2026-09-24,10:00,ramonhouses,RE Single ES,Day 06,image,"ig,fb,li",re-es/re-es-day-06.jpg,"Lee las actas del strata

Antes de la inspección, no después

• Dos años de actas te dicen la verdad.
• Busca reparaciones repetidas y trabajo pospuesto.
• Una cuota especial pendiente cambia las cuentas.
• Los documentos son aburridos. Perder dinero también.

¿Estás pensando en comprar o vender en el Fraser Valley? Escríbeme y revisamos tus opciones.

Ramon Gutierrez PREC · eXp Realty · ramonhouses.com

#BienesRaicesBC #FraserValley #Langley #InmobiliariaBC #AgenteEnEspanol #ramonhouses"
reel-en-w04a,2026-09-25,11:00,ramonhouses,Reel EN,w04a,reel,"ig,fb,yt",reels/w04a.mp4,"Condo, townhouse or detached

1. What the strata maintains
2. Space and stairs
3. Monthly cost, not price
4. Noise and neighbours
5. Land
6. The resale pool

Swipe through all 8.

Thinking about buying or selling in the Fraser Valley? Send me a message and let's review your options.

Ramon Gutierrez PREC · eXp Realty · ramonhouses.com

#FraserValleyRealEstate #LangleyRealEstate #BCRealEstate #RealEstateTips #ramonhouses"
re-en-day-07,2026-09-26,10:00,ramonhouses,RE Single EN,Day 07,image,"ig,fb,li",re-en/re-en-day-07.jpg,"Every property is someone else's purchase one day.

If you cannot name the buyer, you are holding forever.

Exit shapes what you should buy now.

Plan the ending before the beginning.

Ramon Gutierrez PREC · eXp Realty · ramonhouses.com

#realestateinvesting #propertyinvestment #exitstrategy #wealthbuilding #bcrealestate #exprealty"
re-es-day-07,2026-09-27,10:00,ramonhouses,RE Single ES,Day 07,image,"ig,fb,li",re-es/re-es-day-07.jpg,"¿Quién te la compra en diez años?

La pregunta que casi todos se saltan

• Toda propiedad es la compra de alguien más algún día.
• Si no puedes nombrar al comprador, la tienes para siempre.
• La salida define qué deberías comprar hoy.
• Planea el final antes del principio.

¿Estás pensando en comprar o vender en el Fraser Valley? Escríbeme y revisamos tus opciones.

Ramon Gutierrez PREC · eXp Realty · ramonhouses.com

#BienesRaicesBC #FraserValley #Langley #InmobiliariaBC #AgenteEnEspanol #ramonhouses"
re-en-day-08,2026-09-28,10:00,ramonhouses,RE Single EN,Day 08,image,"ig,fb,li",re-en/re-en-day-08.jpg,"Buyers search in round-number brackets.

Pricing just above one hides you from a whole group.

The first two weeks get the most attention.

Overpricing spends that attention for nothing.

Ramon Gutierrez PREC · eXp Realty · ramonhouses.com

#sellingyourhome #homeselling #realestatetips #vancouverrealestate #langleybc #exprealty"
car-en-w05a,2026-09-29,11:00,ramonhouses,Carousel EN,w05a,carousel,"ig,fb,li",car-en/w05a/01.jpg|car-en/w05a/02.png|car-en/w05a/03.png|car-en/w05a/04.png|car-en/w05a/05.png|car-en/w05a/06.png|car-en/w05a/07.png|car-en/w05a/08.png,"How to read strata documents

1. The minutes, last two years
2. The depreciation report
3. The contingency reserve fund
4. Any special levy
5. The bylaws
6. The insurance certificate

Swipe through all 8.

Thinking about buying or selling in the Fraser Valley? Send me a message and let's review your options.

Ramon Gutierrez PREC · eXp Realty · ramonhouses.com

#FraserValleyRealEstate #LangleyRealEstate #BCRealEstate #RealEstateTips #ramonhouses"
car-es-w05a,2026-09-30,11:00,ramonhouses,Carousel ES,w05a,carousel,"ig,fb,li",car-es/w05a/01.jpg|car-es/w05a/02.png|car-es/w05a/03.png|car-es/w05a/04.png|car-es/w05a/05.png|car-es/w05a/06.png|car-es/w05a/07.png|car-es/w05a/08.png,"Cómo leer los documentos del strata

1. Las actas de los últimos dos años
2. El informe de depreciación
3. El fondo de reserva
4. Cualquier cuota especial
5. Los reglamentos
6. El certificado de seguro

Desliza para ver los 8.

¿Estás pensando en comprar o vender en el Fraser Valley? Escríbeme y revisamos tus opciones.

Ramon Gutierrez PREC · eXp Realty · ramonhouses.com

#BienesRaicesBC #FraserValley #Langley #InmobiliariaBC #AgenteEnEspanol #ramonhouses"
re-es-day-08,2026-10-01,10:00,ramonhouses,RE Single ES,Day 08,image,"ig,fb,li",re-es/re-es-day-08.jpg,"Valora para la búsqueda, no para tu sentimiento

Cómo te encuentran realmente

• Los compradores buscan en rangos de números redondos.
• Valorar justo arriba de uno te esconde de todo un grupo.
• Las primeras dos semanas reciben la mayor atención.
• Sobrevalorar gasta esa atención en nada.

¿Estás pensando en comprar o vender en el Fraser Valley? Escríbeme y revisamos tus opciones.

Ramon Gutierrez PREC · eXp Realty · ramonhouses.com

#BienesRaicesBC #FraserValley #Langley #InmobiliariaBC #AgenteEnEspanol #ramonhouses"
reel-en-w05a,2026-10-02,11:00,ramonhouses,Reel EN,w05a,reel,"ig,fb,yt",reels/w05a.mp4,"How to read strata documents

1. The minutes, last two years
2. The depreciation report
3. The contingency reserve fund
4. Any special levy
5. The bylaws
6. The insurance certificate

Swipe through all 8.

Thinking about buying or selling in the Fraser Valley? Send me a message and let's review your options.

Ramon Gutierrez PREC · eXp Realty · ramonhouses.com

#FraserValleyRealEstate #LangleyRealEstate #BCRealEstate #RealEstateTips #ramonhouses"
re-en-day-09,2026-10-03,10:00,ramonhouses,RE Single EN,Day 09,image,"ig,fb,li",re-en/re-en-day-09.jpg,"Rising days on market signals a shift first.

Price cuts follow, they do not lead.

Watch your specific product type.

The trend matters more than any single month.

Ramon Gutierrez PREC · eXp Realty · ramonhouses.com

#realestatemarket #metrovancouver #housingmarket #marketupdate #langleybc #exprealty"
re-es-day-09,2026-10-04,10:00,ramonhouses,RE Single ES,Day 09,image,"ig,fb,li",re-es/re-es-day-09.jpg,"Los días en el mercado dicen más que el precio

Qué mirar realmente

• Cuando suben los días en mercado, algo se movió primero.
• Las bajadas de precio siguen, no encabezan.
• Observa tu tipo de propiedad específico.
• La tendencia importa más que cualquier mes suelto.

¿Estás pensando en comprar o vender en el Fraser Valley? Escríbeme y revisamos tus opciones.

Ramon Gutierrez PREC · eXp Realty · ramonhouses.com

#BienesRaicesBC #FraserValley #Langley #InmobiliariaBC #AgenteEnEspanol #ramonhouses"
re-en-day-10,2026-10-05,10:00,ramonhouses,RE Single EN,Day 10,image,"ig,fb,li",re-en/re-en-day-10.jpg,"The deposit is usually due shortly after subjects.

It must be certified funds, not a transfer promise.

Late deposits put the contract at risk.

Know the date the day you go firm.

Ramon Gutierrez PREC · eXp Realty · ramonhouses.com

#homebuying #realestatetips #bcrealestate #firsttimehomebuyer #contracts #exprealty"
car-en-w06a,2026-10-06,11:00,ramonhouses,Carousel EN,w06a,carousel,"ig,fb,li",car-en/w06a/01.jpg|car-en/w06a/02.png|car-en/w06a/03.png|car-en/w06a/04.png|car-en/w06a/05.png|car-en/w06a/06.png|car-en/w06a/07.png|car-en/w06a/08.png,"Who does what

1. Your agent
2. Your mortgage broker or lender
3. Your lawyer or notary
4. The listing agent
5. Where the handoffs fail
6. Someone must track all of it

Swipe through all 8.

Thinking about buying or selling in the Fraser Valley? Send me a message and let's review your options.

Ramon Gutierrez PREC · eXp Realty · ramonhouses.com

#FraserValleyRealEstate #LangleyRealEstate #BCRealEstate #RealEstateTips #ramonhouses"
car-es-w06a,2026-10-07,11:00,ramonhouses,Carousel ES,w06a,carousel,"ig,fb,li",car-es/w06a/01.jpg|car-es/w06a/02.png|car-es/w06a/03.png|car-es/w06a/04.png|car-es/w06a/05.png|car-es/w06a/06.png|car-es/w06a/07.png|car-es/w06a/08.png,"Quién hace qué

1. Tu agente
2. Tu asesor hipotecario o banco
3. Tu abogado o notario
4. El agente del vendedor
5. Dónde falla la entrega
6. Alguien tiene que llevar el hilo

Desliza para ver los 8.

¿Estás pensando en comprar o vender en el Fraser Valley? Escríbeme y revisamos tus opciones.

Ramon Gutierrez PREC · eXp Realty · ramonhouses.com

#BienesRaicesBC #FraserValley #Langley #InmobiliariaBC #AgenteEnEspanol #ramonhouses"
re-es-day-10,2026-10-08,10:00,ramonhouses,RE Single ES,Day 10,image,"ig,fb,li",re-es/re-es-day-10.jpg,"El plazo del depósito que nadie lee

Está en el contrato, y es corto

• El depósito suele vencer poco después de las condiciones.
• Deben ser fondos certificados, no una promesa de transferencia.
• Un depósito tarde pone el contrato en riesgo.
• Conoce la fecha el día que quedas en firme.

¿Estás pensando en comprar o vender en el Fraser Valley? Escríbeme y revisamos tus opciones.

Ramon Gutierrez PREC · eXp Realty · ramonhouses.com

#BienesRaicesBC #FraserValley #Langley #InmobiliariaBC #AgenteEnEspanol #ramonhouses"
reel-en-w06a,2026-10-09,11:00,ramonhouses,Reel EN,w06a,reel,"ig,fb,yt",reels/w06a.mp4,"Who does what

1. Your agent
2. Your mortgage broker or lender
3. Your lawyer or notary
4. The listing agent
5. Where the handoffs fail
6. Someone must track all of it

Swipe through all 8.

Thinking about buying or selling in the Fraser Valley? Send me a message and let's review your options.

Ramon Gutierrez PREC · eXp Realty · ramonhouses.com

#FraserValleyRealEstate #LangleyRealEstate #BCRealEstate #RealEstateTips #ramonhouses"
re-en-day-11,2026-10-10,10:00,ramonhouses,RE Single EN,Day 11,image,"ig,fb,li",re-en/re-en-day-11.jpg,"Depreciation report, and whether it is current.

Contingency reserve relative to the building's age.

Minutes for arguments about deferred work.

One levy vote can erase two years of cash flow.

Ramon Gutierrez PREC · eXp Realty · ramonhouses.com

#realestateinvesting #stratalife #rentalproperty #duediligence #bcrealestate #exprealty"
re-es-day-11,2026-10-11,10:00,ramonhouses,RE Single ES,Day 11,image,"ig,fb,li",re-es/re-es-day-11.jpg,"La salud del strata es tu rendimiento

Qué revisar antes de comprar

• El informe de depreciación, y si está vigente.
• El fondo de reserva contra la edad del edificio.
• Actas con discusiones sobre trabajo pospuesto.
• Un voto de cuota especial borra dos años de flujo.

¿Estás pensando en comprar o vender en el Fraser Valley? Escríbeme y revisamos tus opciones.

Ramon Gutierrez PREC · eXp Realty · ramonhouses.com

#BienesRaicesBC #FraserValley #Langley #InmobiliariaBC #AgenteEnEspanol #ramonhouses"
re-en-day-12,2026-10-12,10:00,ramonhouses,RE Single EN,Day 12,image,"ig,fb,li",re-en/re-en-day-12.jpg,"Every day, fifteen minutes, no exceptions.

Not lectures. Real decisions, out loud.

He sees the numbers and asks questions.

The habit matters more than the lesson.

Ramon Gutierrez PREC · eXp Realty · ramonhouses.com

#familybusiness #financialliteracy #parenting #legacy #mentorship #exprealty"
car-en-w07a,2026-10-13,11:00,ramonhouses,Carousel EN,w07a,carousel,"ig,fb,li",car-en/w07a/01.jpg|car-en/w07a/02.png|car-en/w07a/03.png|car-en/w07a/04.png|car-en/w07a/05.png|car-en/w07a/06.png|car-en/w07a/07.png|car-en/w07a/08.png,"Judging a building, not a unit

1. The age and the envelope
2. How the council operates
3. The reserve fund
4. Rental and pet bylaws
5. The common areas
6. Who else lives here

Swipe through all 8.

Thinking about buying or selling in the Fraser Valley? Send me a message and let's review your options.

Ramon Gutierrez PREC · eXp Realty · ramonhouses.com

#FraserValleyRealEstate #LangleyRealEstate #BCRealEstate #RealEstateTips #ramonhouses"
car-es-w07a,2026-10-14,11:00,ramonhouses,Carousel ES,w07a,carousel,"ig,fb,li",car-es/w07a/01.jpg|car-es/w07a/02.png|car-es/w07a/03.png|car-es/w07a/04.png|car-es/w07a/05.png|car-es/w07a/06.png|car-es/w07a/07.png|car-es/w07a/08.png,"Juzga el edificio, no la unidad

1. La edad y la envolvente
2. Cómo opera el consejo
3. El fondo de reserva
4. Reglas de renta y mascotas
5. Las áreas comunes
6. Quién más vive aquí

Desliza para ver los 8.

¿Estás pensando en comprar o vender en el Fraser Valley? Escríbeme y revisamos tus opciones.

Ramon Gutierrez PREC · eXp Realty · ramonhouses.com

#BienesRaicesBC #FraserValley #Langley #InmobiliariaBC #AgenteEnEspanol #ramonhouses"
re-es-day-12,2026-10-15,10:00,ramonhouses,RE Single ES,Day 12,image,"ig,fb,li",re-es/re-es-day-12.jpg,"Quince minutos al día con mi hijo

Lo que le estoy enseñando sobre el dinero

• Todos los días, quince minutos, sin excepción.
• No son discursos. Decisiones reales, en voz alta.
• Ve los números y hace preguntas.
• El hábito importa más que la lección.

¿Estás pensando en comprar o vender en el Fraser Valley? Escríbeme y revisamos tus opciones.

Ramon Gutierrez PREC · eXp Realty · ramonhouses.com

#BienesRaicesBC #FraserValley #Langley #InmobiliariaBC #AgenteEnEspanol #ramonhouses"
reel-en-w07a,2026-10-16,11:00,ramonhouses,Reel EN,w07a,reel,"ig,fb,yt",reels/w07a.mp4,"Judging a building, not a unit

1. The age and the envelope
2. How the council operates
3. The reserve fund
4. Rental and pet bylaws
5. The common areas
6. Who else lives here

Swipe through all 8.

Thinking about buying or selling in the Fraser Valley? Send me a message and let's review your options.

Ramon Gutierrez PREC · eXp Realty · ramonhouses.com

#FraserValleyRealEstate #LangleyRealEstate #BCRealEstate #RealEstateTips #ramonhouses"
re-en-day-13,2026-10-17,10:00,ramonhouses,RE Single EN,Day 13,image,"ig,fb,li",re-en/re-en-day-13.jpg,"That is their job, and it is not your job.

Bring your own representation to a viewing.

Ask who owes you a duty before you disclose anything.

It costs you nothing to be represented.

Ramon Gutierrez PREC · eXp Realty · ramonhouses.com

#homebuying #firsttimehomebuyer #realestatetips #buyeragent #langleybc #exprealty"
re-es-day-13,2026-10-18,10:00,ramonhouses,RE Single ES,Day 13,image,"ig,fb,li",re-es/re-es-day-13.jpg,"El agente de la casa abierta trabaja para el vendedor

Sabe quién te representa

• Ese es su trabajo, y no es el tuyo.
• Lleva tu propia representación a una visita.
• Pregunta quién te debe un deber antes de contar nada.
• Estar representado no te cuesta nada.

¿Estás pensando en comprar o vender en el Fraser Valley? Escríbeme y revisamos tus opciones.

Ramon Gutierrez PREC · eXp Realty · ramonhouses.com

#BienesRaicesBC #FraserValley #Langley #InmobiliariaBC #AgenteEnEspanol #ramonhouses"
re-en-day-14,2026-10-19,10:00,ramonhouses,RE Single EN,Day 14,image,"ig,fb,li",re-en/re-en-day-14.jpg,"Assume a month of vacancy annually.

If it only works at full occupancy, it does not work.

Turnover costs land in the same gap.

Conservative assumptions are what let you sleep.

Ramon Gutierrez PREC · eXp Realty · ramonhouses.com

#realestateinvesting #rentalproperty #cashflow #propertyinvestment #bcrealestate #exprealty"
car-en-w08a,2026-10-20,11:00,ramonhouses,Carousel EN,w08a,carousel,"ig,fb,li",car-en/w08a/01.jpg|car-en/w08a/02.png|car-en/w08a/03.png|car-en/w08a/04.png|car-en/w08a/05.png|car-en/w08a/06.png|car-en/w08a/07.png|car-en/w08a/08.png,"What an inspection really tells you

1. The big four
2. Water
3. What is cosmetic
4. What is structural
5. What the inspector cannot see
6. Using it well

Swipe through all 8.

Thinking about buying or selling in the Fraser Valley? Send me a message and let's review your options.

Ramon Gutierrez PREC · eXp Realty · ramonhouses.com

#FraserValleyRealEstate #LangleyRealEstate #BCRealEstate #RealEstateTips #ramonhouses"
car-es-w08a,2026-10-21,11:00,ramonhouses,Carousel ES,w08a,carousel,"ig,fb,li",car-es/w08a/01.jpg|car-es/w08a/02.png|car-es/w08a/03.png|car-es/w08a/04.png|car-es/w08a/05.png|car-es/w08a/06.png|car-es/w08a/07.png|car-es/w08a/08.png,"Qué te dice una inspección

1. Los cuatro grandes
2. El agua
3. Qué es cosmético
4. Qué es estructural
5. Lo que el inspector no puede ver
6. Cómo usarla bien

Desliza para ver los 8.

¿Estás pensando en comprar o vender en el Fraser Valley? Escríbeme y revisamos tus opciones.

Ramon Gutierrez PREC · eXp Realty · ramonhouses.com

#BienesRaicesBC #FraserValley #Langley #InmobiliariaBC #AgenteEnEspanol #ramonhouses"
re-es-day-14,2026-10-22,10:00,ramonhouses,RE Single ES,Day 14,image,"ig,fb,li",re-es/re-es-day-14.jpg,"Un mes vacío, todos los años

Presupúestalo o el negocio es ficción

• Asume un mes de vacancia al año.
• Si solo funciona lleno, no funciona.
• Los costos del cambio caen en ese mismo hueco.
• Los supuestos conservadores son los que te dejan dormir.

¿Estás pensando en comprar o vender en el Fraser Valley? Escríbeme y revisamos tus opciones.

Ramon Gutierrez PREC · eXp Realty · ramonhouses.com

#BienesRaicesBC #FraserValley #Langley #InmobiliariaBC #AgenteEnEspanol #ramonhouses"
reel-en-w08a,2026-10-23,11:00,ramonhouses,Reel EN,w08a,reel,"ig,fb,yt",reels/w08a.mp4,"What an inspection really tells you

1. The big four
2. Water
3. What is cosmetic
4. What is structural
5. What the inspector cannot see
6. Using it well

Swipe through all 8.

Thinking about buying or selling in the Fraser Valley? Send me a message and let's review your options.

Ramon Gutierrez PREC · eXp Realty · ramonhouses.com

#FraserValleyRealEstate #LangleyRealEstate #BCRealEstate #RealEstateTips #ramonhouses"
re-en-day-15,2026-10-24,10:00,ramonhouses,RE Single EN,Day 15,image,"ig,fb,li",re-en/re-en-day-15.jpg,"Buyers scroll first and book second.

Bad photos cost you showings you never hear about.

Declutter, light, and shoot on a clear day.

The listing photo is the first offer you make.

Ramon Gutierrez PREC · eXp Realty · ramonhouses.com

#sellingyourhome #homestaging #realestatemarketing #listingphotos #vancouverrealestate"
re-es-day-15,2026-10-25,10:00,ramonhouses,RE Single ES,Day 15,image,"ig,fb,li",re-es/re-es-day-15.jpg,"Las fotos son la visita

Casi todos deciden antes de llegar

• El comprador primero desliza y después agenda.
• Las malas fotos te cuestan visitas de las que nunca te enteras.
• Despeja, ilumina, y fotografía en un día despejado.
• La foto principal es la primera oferta que haces.

¿Estás pensando en comprar o vender en el Fraser Valley? Escríbeme y revisamos tus opciones.

Ramon Gutierrez PREC · eXp Realty · ramonhouses.com

#BienesRaicesBC #FraserValley #Langley #InmobiliariaBC #AgenteEnEspanol #ramonhouses"
re-en-day-16,2026-10-26,10:00,ramonhouses,RE Single EN,Day 16,image,"ig,fb,li",re-en/re-en-day-16.jpg,"Every home has findings. That is normal.

You are looking for the expensive and the hidden.

Age of roof, furnace, and hot water tank matter most.

Use it to plan, or to renegotiate, or to walk.

Ramon Gutierrez PREC · eXp Realty · ramonhouses.com

#homeinspection #homebuying #realestatetips #firsttimehomebuyer #bcrealestate"
car-en-w09a,2026-10-27,11:00,ramonhouses,Carousel EN,w09a,carousel,"ig,fb,li",car-en/w09a/01.jpg|car-en/w09a/02.png|car-en/w09a/03.png|car-en/w09a/04.png|car-en/w09a/05.png|car-en/w09a/06.png|car-en/w09a/07.png|car-en/w09a/08.png,"Completion week

1. Signing at the lawyer
2. The statement of adjustments
3. Sending the balance
4. The lender funds
5. Registration
6. Possession, usually after

Swipe through all 8.

Thinking about buying or selling in the Fraser Valley? Send me a message and let's review your options.

Ramon Gutierrez PREC · eXp Realty · ramonhouses.com

#FraserValleyRealEstate #LangleyRealEstate #BCRealEstate #RealEstateTips #ramonhouses"
car-es-w09a,2026-10-28,11:00,ramonhouses,Carousel ES,w09a,carousel,"ig,fb,li",car-es/w09a/01.jpg|car-es/w09a/02.png|car-es/w09a/03.png|car-es/w09a/04.png|car-es/w09a/05.png|car-es/w09a/06.png|car-es/w09a/07.png|car-es/w09a/08.png,"La semana del cierre

1. Firma con el abogado
2. El estado de ajustes
3. Enviar el saldo
4. El prestamista libera fondos
5. El registro
6. La posesión, normalmente después

Desliza para ver los 8.

¿Estás pensando en comprar o vender en el Fraser Valley? Escríbeme y revisamos tus opciones.

Ramon Gutierrez PREC · eXp Realty · ramonhouses.com

#BienesRaicesBC #FraserValley #Langley #InmobiliariaBC #AgenteEnEspanol #ramonhouses"
re-es-day-16,2026-10-29,10:00,ramonhouses,RE Single ES,Day 16,image,"ig,fb,li",re-es/re-es-day-16.jpg,"Para qué sirve realmente una inspección

No se aprueba ni se reprueba

• Toda casa tiene hallazgos. Eso es normal.
• Buscas lo caro y lo escondido.
• La edad del techo, la calefacción y el calentador es lo que más pesa.
• Úsala para planear, para renegociar, o para retirarte.

¿Estás pensando en comprar o vender en el Fraser Valley? Escríbeme y revisamos tus opciones.

Ramon Gutierrez PREC · eXp Realty · ramonhouses.com

#BienesRaicesBC #FraserValley #Langley #InmobiliariaBC #AgenteEnEspanol #ramonhouses"
re-en-day-17,2026-10-31,10:00,ramonhouses,RE Single EN,Day 17,image,"ig,fb,li",re-en/re-en-day-17.jpg,"Credit unions look at deals banks decline.

B lenders and private capital exist for a reason.

The cost is higher. Sometimes the deal still works.

Know the exit before you take expensive money.

Ramon Gutierrez PREC · eXp Realty · ramonhouses.com

#realestateinvesting #mortgagebroker #financing #privatelending #bcrealestate"
re-es-day-17,2026-11-01,10:00,ramonhouses,RE Single ES,Day 17,image,"ig,fb,li",re-es/re-es-day-17.jpg,"El banco no es el único prestamista

Cuando la respuesta es no

• Las cooperativas de crédito ven negocios que los bancos rechazan.
• Los prestamistas B y el capital privado existen por algo.
• El costo es mayor. A veces el negocio sigue funcionando.
• Ten clara la salida antes de tomar dinero caro.

¿Estás pensando en comprar o vender en el Fraser Valley? Escríbeme y revisamos tus opciones.

Ramon Gutierrez PREC · eXp Realty · ramonhouses.com

#BienesRaicesBC #FraserValley #Langley #InmobiliariaBC #AgenteEnEspanol #ramonhouses"
re-en-day-18,2026-11-02,10:00,ramonhouses,RE Single EN,Day 18,image,"ig,fb,li",re-en/re-en-day-18.jpg,"Price is one of several levers.

Dates, deposit and subjects all carry weight.

A clean offer can beat a higher messy one.

Decide your ceiling before the emotion starts.

Ramon Gutierrez PREC · eXp Realty · ramonhouses.com

#homebuying #multipleoffers #realestatetips #firsttimehomebuyer #metrovancouver"
